/*
 Navicat Premium Data Transfer

 Source Server         : 10.0.29.251
 Source Server Type    : MySQL
 Source Server Version : 50619
 Source Host           : 10.0.29.251
 Source Database       : game_server

 Target Server Type    : MySQL
 Target Server Version : 50619
 File Encoding         : utf-8

 Date: 12/08/2015 17:34:31 PM
*/

SET NAMES utf8;
SET FOREIGN_KEY_CHECKS = 0;

-- ----------------------------
--  Table structure for `game_enum`
-- ----------------------------
DROP TABLE IF EXISTS `game_enum`;
CREATE TABLE `game_enum` (
  `id` bigint(20) NOT NULL AUTO_INCREMENT,
  `cr_date` datetime DEFAULT NULL,
  `upd_date` datetime DEFAULT NULL,
  `status` int(1) DEFAULT NULL,
  `enum_role` varchar(50) DEFAULT NULL,
  `enum_name` varchar(255) DEFAULT NULL,
  `game_name` varchar(50) DEFAULT NULL,
  `game_id` varchar(10) DEFAULT NULL,
  `category_id` varchar(20) DEFAULT NULL,
  PRIMARY KEY (`id`),
  UNIQUE KEY `enum_role` (`enum_role`) USING BTREE
) ENGINE=InnoDB AUTO_INCREMENT=157 DEFAULT CHARSET=utf8;

-- ----------------------------
--  Records of `game_enum`
-- ----------------------------
BEGIN;
INSERT INTO `game_enum` VALUES ('1', '2015-01-20 09:44:58', '2015-01-20 09:45:03', '1', '1', '查看运营大区', '', '0', '10000'), ('2', '2015-01-20 09:45:03', '2015-01-20 09:45:03', '1', '2', '添加运营大区', '', '0', '10000'), ('3', '2015-01-20 09:45:03', '2015-01-20 09:45:03', '1', '3', '修改运营大区', null, '0', '10000'), ('4', '2015-01-20 09:45:03', '2015-01-20 09:45:03', '1', '4', '查看游戏', null, '0', '10000'), ('5', '2015-01-20 09:45:03', '2015-01-20 09:45:03', '1', '5', '添加游戏', null, '0', '10000'), ('6', '2015-01-20 09:45:03', '2015-01-20 09:45:03', '1', '6', '修改游戏信息', null, '0', '10000'), ('7', '2015-01-20 09:45:03', '2015-01-20 09:45:03', '1', '7', '查看服务器信息', null, '0', '10000'), ('8', '2015-01-20 09:45:03', '2015-01-20 09:45:03', '1', '8', '添加服务器信息', null, '0', '10000'), ('9', '2015-01-28 17:38:37', '2015-01-28 17:38:39', '1', '9', '修改服务器信息', null, '0', '10000'), ('10', '2015-01-28 17:38:55', '2015-01-28 17:38:58', '1', '10', '查看渠道', null, '0', '10000'), ('11', '2015-01-28 17:38:55', '2015-01-28 17:38:55', '1', '11', '添加渠道', null, '0', '10000'), ('12', '2015-01-28 17:38:55', '2015-01-28 17:38:55', '1', '12', '修改渠道', null, '0', '10000'), ('13', '2015-01-28 17:38:55', '2015-01-28 17:38:55', '1', '13', '查看功能权限', null, '0', '10000'), ('14', '2015-01-28 17:38:55', '2015-01-28 17:38:55', '1', '14', '添加功能权限', null, '0', '10000'), ('15', '2015-01-28 17:38:55', '2015-01-28 17:38:55', '1', '15', '修改功能权限', null, '0', '10000'), ('16', '2015-01-28 17:38:55', '2015-01-28 17:38:55', '1', '16', '上传文档', null, '0', '10000'), ('17', '2015-01-28 17:38:55', '2015-01-28 17:38:55', '1', '17', '生成礼品卡', null, '0', '10001'), ('18', '2015-01-28 17:38:55', '2015-01-28 17:38:55', '1', '18', '礼品卡列表', null, '0', '10001'), ('19', '2015-01-28 17:38:55', '2015-01-28 17:38:55', '1', '19', '审核礼品卡', null, '0', '10001'), ('20', '2015-01-28 17:38:55', '2015-01-28 17:38:55', '1', '20', '查询礼品卡', null, '0', '10001'), ('21', '2015-01-28 17:38:55', '2015-01-28 17:38:55', '1', 'FB_AP', '（实时）体力日志', null, '1', '10002'), ('22', '2015-01-28 17:38:55', '2015-01-28 17:38:55', '1', 'FB_ITEM', '（实时）道具日志', null, '1', '10002'), ('23', '2015-01-28 17:38:55', '2015-01-28 17:38:55', '1', 'FB_MONEY', '（实时）真实充值币日志', null, '1', '10002'), ('24', '2015-01-28 17:38:55', '2015-01-28 17:38:55', '1', 'FB_DUMMY', '（实时）虚拟充值币日志', null, '1', '10002'), ('25', '2015-01-28 17:38:55', '2015-01-28 17:38:55', '1', 'FB_COIN', '（实时）游戏币日志', null, '1', '10002'), ('26', '2015-01-28 17:38:55', '2015-01-28 17:38:55', '1', 'FB_ARENACOIN', '（实时）竞技场徽章(货币)日志', null, '1', '10002'), ('27', '2015-01-28 17:38:55', '2015-01-28 17:38:55', '1', 'FB_EXPEDITIONCOIN', '（实时）燃烧远征龙鳞币(货币)日志', null, '1', '10002'), ('28', '2015-01-28 17:38:55', '2015-01-28 17:38:55', '1', 'FB_USER', '（实时）用户相关日志', null, '1', '10002'), ('29', '2015-01-28 17:38:55', '2015-01-28 17:38:55', '1', '29', '礼品卡添加道具', null, '0', '10001'), ('30', '2015-01-28 17:38:55', '2015-01-28 17:38:55', '1', '30', '删除礼品卡', null, '0', '10001'), ('31', '2015-01-28 17:38:55', '2015-01-28 17:38:55', '1', 'KUN_AP', '（实时）体力日志', null, '2', '10002'), ('32', '2015-01-28 17:38:55', '2015-01-28 17:38:55', '1', 'KUN_ITEM', '（实时）道具日志', null, '2', '10002'), ('33', '2015-01-28 17:38:55', '2015-01-28 17:38:55', '1', 'KUN_MONEY', '（实时）真实充值币日志', null, '2', '10002'), ('34', '2015-01-28 17:38:55', '2015-01-28 17:38:55', '1', 'KUN_DUMMY', '（实时）虚拟充值币日志', null, '2', '10002'), ('35', '2015-01-28 17:38:55', '2015-01-28 17:38:55', '1', 'KUN_COIN', '（实时）游戏币日志', null, '2', '10002'), ('36', '2015-01-28 17:38:55', '2015-01-28 17:38:55', '1', 'KUN_USER', '（实时）用户相关日志', null, '2', '10002'), ('37', '2015-01-28 17:38:55', '2015-01-28 17:38:55', '1', 'KDS_AP', '（实时）体力日志', null, '3', '10002'), ('38', '2015-01-28 17:38:55', '2015-01-28 17:38:55', '1', 'KDS_ITEM', '（实时）道具日志', null, '3', '10002'), ('39', '2015-01-28 17:38:55', '2015-01-28 17:38:55', '1', 'KDS_MONEY', '（实时）真实充值币日志', null, '3', '10002'), ('40', '2015-01-28 17:38:55', '2015-01-28 17:38:55', '1', 'KDS_DUMMY', '（实时）虚拟充值币日志', null, '3', '10002'), ('41', '2015-01-28 17:38:55', '2015-01-28 17:38:55', '1', 'KDS_COIN', '（实时）游戏币日志', null, '3', '10002'), ('42', '2015-01-28 17:38:55', '2015-01-28 17:38:55', '1', 'KDS_USER', '（实时）用户相关日志', null, '3', '10002'), ('56', '2015-07-16 17:03:13', '2015-07-16 17:03:13', '1', 'fb_gm_server_select', 'fb服务器状态查询', null, '1', '10000'), ('57', '2015-07-16 17:03:32', '2015-07-16 17:03:32', '1', 'fb_gm_server_edit', 'fb服务器状态修改', null, '1', '10000'), ('58', '2015-07-16 17:04:07', '2015-07-16 17:04:07', '1', 'kun_gm_server_select', 'kun服务器状态查询', null, '2', '10000'), ('59', '2015-07-16 17:04:33', '2015-07-16 17:04:33', '1', 'kun_gm_server_edit', 'kun服务器状态修改', null, '2', '10000'), ('60', '2015-07-16 17:06:22', '2015-07-16 17:06:22', '1', 'kds_gm_server_select', 'kds服务器状态查询', null, '3', '10000'), ('61', '2015-07-16 17:06:48', '2015-07-16 17:06:48', '1', 'kds_gm_server_edit', 'kds服务器状态修改', null, '3', '10000'), ('62', '2015-08-03 15:04:19', '2015-08-03 15:04:19', '1', 'fb_gm_account_select', 'fb服务器灰度账号查询', null, '1', '10000'), ('63', '2015-08-03 15:04:53', '2015-08-03 15:04:53', '1', 'fb_gm_account_add', 'fb服务器灰度账号增加', null, '1', '10000'), ('64', '2015-08-03 15:05:18', '2015-08-03 15:05:18', '1', 'fb_gm_account_update', 'fb服务器灰度账号修改', null, '1', '10000'), ('65', '2015-08-03 15:05:44', '2015-08-03 15:05:44', '1', 'fb_gm_account_delete', 'fb服务器灰度账号删除', null, '1', '10000'), ('66', '2015-08-03 15:08:56', '2015-08-03 15:08:56', '1', 'kds_gm_account_select', 'kds服务器灰度账号查询', null, '3', '10000'), ('67', '2015-08-03 15:09:28', '2015-08-03 15:09:28', '1', 'kds_gm_account_add', 'kds服务器灰度账号增加', null, '3', '10000'), ('68', '2015-08-03 15:10:05', '2015-08-03 15:10:05', '1', 'kds_gm_account_update', 'kds服务器灰度账号修改', null, '3', '10000'), ('69', '2015-08-03 15:10:28', '2015-08-03 15:10:28', '1', 'kds_gm_account_delete', 'kds服务器灰度账号删除', null, '3', '10000'), ('70', '2015-08-03 15:11:04', '2015-08-03 15:11:04', '1', 'kun_gm_account_select', 'kun服务器灰度账号查询', null, '2', '10000'), ('71', '2015-08-03 15:11:28', '2015-08-03 15:11:28', '1', 'kun_gm_account_add', 'kun服务器灰度账号增加', null, '2', '10000'), ('72', '2015-08-03 15:12:07', '2015-08-03 15:12:07', '1', 'kun_gm_account_update', 'kun服务器灰度账号修改', null, '2', '10000'), ('73', '2015-08-03 15:12:29', '2015-08-03 15:12:29', '1', 'kun_gm_account_delete', 'kun服务器灰度账号删除', null, '2', '10000'), ('74', '2015-08-03 15:17:36', '2015-08-03 15:17:36', '1', 'fb_gm_placard_select', 'fb公告查询', null, '1', '10000'), ('75', '2015-08-03 15:18:04', '2015-08-03 15:18:04', '1', 'fb_gm_placard_add', 'fb公告增加', null, '1', '10000'), ('76', '2015-08-03 15:49:08', '2015-08-03 15:49:08', '1', 'fb_gm_placard_update', 'fb公告修改', null, '1', '10000'), ('77', '2015-08-03 15:49:32', '2015-08-03 15:49:32', '1', 'fb_gm_placard_delete', 'fb公告删除', null, '1', '10000'), ('78', '2015-08-03 15:51:16', '2015-08-03 15:51:16', '1', 'kds_gm_placard_select', 'kds公告查询', null, '3', '10000'), ('79', '2015-08-03 15:51:41', '2015-08-03 15:51:41', '1', 'kds_gm_placard_add', 'kds公告增加', null, '3', '10000'), ('80', '2015-08-03 15:52:04', '2015-08-03 15:52:04', '1', 'kds_gm_placard_update', 'kds公告修改', null, '3', '10000'), ('81', '2015-08-03 15:53:00', '2015-08-03 15:53:00', '1', 'kds_gm_placard_delete', 'kds公告删除', null, '3', '10000'), ('82', '2015-08-03 15:56:56', '2015-08-03 15:56:56', '1', 'kun_gm_placard_select', 'kun公告查询', null, '2', '10000'), ('83', '2015-08-03 15:57:20', '2015-08-03 15:57:20', '1', 'kun_gm_placard_add', 'kun公告增加', null, '2', '10000'), ('84', '2015-08-03 15:57:42', '2015-08-03 15:57:42', '1', 'kun_gm_placard_update', 'kun公告修改', null, '2', '10000'), ('85', '2015-08-03 15:58:08', '2015-08-03 15:58:08', '1', 'kun_gm_placard_delete', 'kun公告删除', null, '2', '10000'), ('86', '2015-08-03 15:59:26', '2015-08-03 15:59:26', '1', 'fb_gm_gag_select', 'fb禁言查询', null, '1', '10000'), ('87', '2015-08-03 15:59:55', '2015-08-03 15:59:55', '1', 'fb_gm_gag_add', 'fb禁言增加', null, '1', '10000'), ('88', '2015-08-03 16:00:23', '2015-08-03 16:00:23', '1', 'fb_gm_gag_update', 'fb禁言修改', null, '1', '10000'), ('89', '2015-08-03 16:00:45', '2015-08-03 16:00:45', '1', 'fb_gm_gag_delete', 'fb禁言删除', null, '1', '10000'), ('90', '2015-08-03 16:01:12', '2015-08-03 16:01:12', '1', 'kds_gm_gag_select', 'kds禁言查询', null, '3', '10000'), ('91', '2015-08-03 16:01:41', '2015-08-03 16:01:41', '1', 'kds_gm_gag_add', 'kds禁言增加', null, '3', '10000'), ('92', '2015-08-03 16:02:06', '2015-08-03 16:02:06', '1', 'kds_gm_gag_update', 'kds禁言修改', null, '3', '10000'), ('93', '2015-08-03 16:02:37', '2015-08-03 16:02:37', '1', 'kds_gm_gag_delete', 'kds禁言删除', null, '3', '10000'), ('94', '2015-08-03 16:03:40', '2015-08-03 16:03:40', '1', 'kun_gm_gag_select', 'kun禁言查询', null, '2', '10000'), ('95', '2015-08-03 16:04:06', '2015-08-03 16:04:06', '1', 'kun_gm_gag_add', 'kun禁言增加', null, '2', '10000'), ('96', '2015-08-03 16:04:28', '2015-08-03 16:04:28', '1', 'kun_gm_gag_update', 'kun禁言修改', null, '2', '10000'), ('97', '2015-08-03 16:04:52', '2015-08-03 16:04:52', '1', 'kun_gm_gag_delete', 'kun禁言删除', null, '2', '10000'), ('98', '2015-08-03 16:09:50', '2015-08-03 16:09:50', '1', 'fb_gm_seal_select', 'fb封号查询', null, '1', '10000'), ('99', '2015-08-03 16:10:20', '2015-08-03 16:10:20', '1', 'fb_gm_seal_add', 'fb封号增加', null, '1', '10000'), ('100', '2015-08-03 16:10:50', '2015-08-03 16:10:50', '1', 'fb_gm_seal_update', 'fb封号修改', null, '1', '10000'), ('101', '2015-08-03 16:11:19', '2015-08-03 16:11:19', '1', 'fb_gm_seal_delete', 'fb封号删除', null, '1', '10000'), ('102', '2015-08-03 16:13:04', '2015-08-03 16:13:04', '1', 'kds_gm_seal_select', 'kds封号查询', null, '3', '10000'), ('103', '2015-08-03 16:13:29', '2015-08-03 16:13:29', '1', 'kds_gm_seal_add', 'kds封号增加', null, '3', '10000'), ('104', '2015-08-03 16:13:51', '2015-08-03 16:13:51', '1', 'kds_gm_seal_update', 'kds封号修改', null, '3', '10000'), ('105', '2015-08-03 16:14:16', '2015-08-03 16:14:16', '1', 'kds_gm_seal_delete', 'kds封号删除', null, '3', '10000'), ('106', '2015-08-03 16:31:05', '2015-08-03 16:31:05', '1', 'kun_gm_seal_select', 'kun封号查询', null, '2', '10000'), ('107', '2015-08-03 16:32:01', '2015-08-03 16:32:01', '1', 'kun_gm_seal_add', 'kun封号增加', null, '2', '10000'), ('108', '2015-08-03 16:32:33', '2015-08-03 16:32:33', '1', 'kun_gm_seal_update', 'kun封号修改', null, '2', '10000'), ('109', '2015-08-03 16:33:02', '2015-08-03 16:33:02', '1', 'kun_gm_seal_delete', 'kun封号删除', null, '2', '10000'), ('110', '2015-08-03 16:34:08', '2015-08-03 16:34:08', '1', 'fb_gm_email_select', 'fb邮件查询', null, '1', '10000'), ('111', '2015-08-03 16:34:34', '2015-08-03 16:34:34', '1', 'fb_gm_email_add', 'fb邮件增加', null, '1', '10000'), ('112', '2015-08-03 16:34:53', '2015-08-03 16:34:53', '1', 'fb_gm_email_update', 'fb邮件修改', null, '1', '10000'), ('113', '2015-08-03 16:35:21', '2015-08-03 16:35:21', '1', 'fb_gm_email_delete', 'fb邮件删除', null, '1', '10000'), ('114', '2015-08-03 17:34:13', '2015-08-03 17:34:13', '1', 'kds_gm_email_select', 'kds邮件查询', null, '3', '10000'), ('115', '2015-08-03 17:34:35', '2015-08-03 17:34:35', '1', 'kds_gm_email_add', 'kds邮件增加', null, '3', '10000'), ('116', '2015-08-03 17:34:56', '2015-08-03 17:34:56', '1', 'kds_gm_email_update', 'kds邮件修改', null, '3', '10000'), ('117', '2015-08-03 17:35:18', '2015-08-03 17:35:18', '1', 'kds_gm_email_delete', 'kds邮件删除', null, '3', '10000'), ('118', '2015-08-03 17:35:53', '2015-08-03 17:35:53', '1', 'kun_gm_email_select', 'kun邮件查询', null, '2', '10000'), ('119', '2015-08-03 17:36:22', '2015-08-03 17:36:22', '1', 'kun_gm_email_add', 'kun邮件增加', null, '2', '10000'), ('120', '2015-08-03 17:36:51', '2015-08-03 17:36:51', '1', 'kun_gm_email_update', 'kun邮件修改', null, '2', '10000'), ('121', '2015-08-03 17:37:13', '2015-08-03 17:37:13', '1', 'kun_gm_email_delete', 'kun邮件删除', null, '2', '10000'), ('122', '2015-08-03 17:45:48', '2015-08-03 17:45:48', '1', 'fb_gm_product_select', 'fb商店商品查询', null, '1', '10000'), ('123', '2015-08-03 17:46:21', '2015-08-03 17:46:21', '1', 'fb_gm_product_add', 'fb商店商品增加', null, '1', '10000'), ('124', '2015-08-03 17:47:49', '2015-08-03 17:47:49', '1', 'fb_gm_product_update', 'fb商店商品修改', null, '1', '10000'), ('125', '2015-08-03 17:48:23', '2015-08-03 17:48:23', '1', 'fb_gm_product_delete', 'fb商店商品删除', null, '1', '10000'), ('126', '2015-08-03 17:49:49', '2015-08-03 17:50:01', '1', 'kds_gm_product_select', 'kds商店商品查询', null, '3', '10000'), ('127', '2015-08-03 17:50:55', '2015-08-03 17:50:55', '1', 'kds_gm_product_add', 'kds商店商品增加', null, '3', '10000'), ('128', '2015-08-03 17:51:32', '2015-08-03 17:51:32', '1', 'kds_gm_product_update', 'kds商店商品修改', null, '3', '10000'), ('129', '2015-08-03 17:51:54', '2015-08-03 17:51:54', '1', 'kds_gm_product_delete', 'kds商店商品删除', null, '3', '10000'), ('130', '2015-08-03 17:53:00', '2015-08-03 17:53:00', '1', 'kun_gm_product_select', 'kun商店商品查询', null, '2', '10000'), ('131', '2015-08-03 17:53:37', '2015-08-03 17:53:37', '1', 'kun_gm_product_add', 'kun商店商品增加', null, '2', '10000'), ('132', '2015-08-03 17:54:00', '2015-08-03 17:54:00', '1', 'kun_gm_product_update', 'kun商店商品修改', null, '2', '10000'), ('133', '2015-08-03 17:54:26', '2015-08-03 17:54:26', '1', 'kun_gm_product_delete', 'kun商店商品删除', null, '2', '10000'), ('135', '2015-11-22 10:38:16', '2015-11-22 10:38:16', '1', 'FB_USER_PORTRAIT', '（实时）用户画像', null, '1', '10002'), ('136', '2015-11-22 10:38:47', '2015-11-22 10:38:47', '1', 'KUN_USER_PORTRAIT', '（实时）用户画像', null, '2', '10002'), ('137', '2015-11-22 10:38:57', '2015-11-22 10:38:57', '1', 'KDS_USER_PORTRAIT', '（实时）用户画像', null, '3', '10002'), ('138', '2015-11-22 17:23:41', '2015-11-22 17:23:41', '1', 'FB_OFF_USER_RETAINED', '（离线）用户留存', null, '1', '10002'), ('139', '2015-11-22 17:23:47', '2015-11-22 17:23:47', '1', 'KUN_OFF_USER_RETAINED', '（离线）用户留存', null, '2', '10002'), ('140', '2015-11-22 17:23:53', '2015-11-22 17:23:53', '1', 'KDS_OFF_USER_RETAINED', '（离线）用户留存', null, '3', '10002'), ('141', '2015-11-22 17:25:27', '2015-11-22 17:25:27', '1', 'KDS_OFF_USER_ADD', '（离线）用户新增、累计', null, '3', '10002'), ('142', '2015-11-22 17:25:36', '2015-11-22 17:25:36', '1', 'KUN_OFF_USER_ADD', '（离线）用户新增、累计', null, '2', '10002'), ('143', '2015-11-22 17:25:40', '2015-11-22 17:25:40', '1', 'FB_OFF_USER_ADD', '（离线）用户新增、累计', null, '1', '10002'), ('144', '2015-11-22 17:27:43', '2015-11-22 17:27:43', '1', 'FB_OFF_USER_ACTIVE', '（离线）用户活跃', null, '1', '10002'), ('145', '2015-11-22 17:27:51', '2015-11-22 17:27:51', '1', 'KUN_OFF_USER_ACTIVE', '（离线）用户活跃', null, '2', '10002'), ('146', '2015-11-22 17:27:57', '2015-11-22 17:27:57', '1', 'KDS_OFF_USER_ACTIVE', '（离线）用户活跃', null, '3', '10002'), ('147', '2015-11-22 17:29:56', '2015-11-22 17:29:56', '1', 'KUN_OFF_USER_PAY', '（离线）用户付费率', null, '2', '10002'), ('148', '2015-11-22 17:29:59', '2015-11-22 17:29:59', '1', 'FB_OFF_USER_PAY', '（离线）用户付费率', null, '1', '10002'), ('149', '2015-11-22 17:30:06', '2015-11-22 17:30:06', '1', 'KDS_OFF_USER_PAY', '（离线）用户付费率', null, '3', '10002'), ('150', '2015-11-22 17:32:33', '2015-11-23 10:32:44', '1', 'FB_OFF_USER_INCOME', '（离线）用户收入', null, '1', '10002'), ('151', '2015-11-22 17:32:35', '2015-11-22 17:32:35', '1', 'KUN_OFF_USER_INCOME', '（离线）用户收入', null, '2', '10002'), ('152', '2015-11-22 17:32:37', '2015-11-22 17:32:37', '1', 'KDS_OFF_USER_INCOME', '（离线）用户收入', null, '3', '10002'), ('153', '2015-11-25 11:16:02', '2015-11-25 11:16:02', '1', '22', '添加监控数值', null, '0', '10000'), ('154', '2015-11-25 11:16:20', '2015-11-25 11:16:20', '1', '23', '修改监控数值', null, '0', '10000'), ('155', '2015-11-25 16:34:52', '2015-11-25 16:34:52', '1', '24', '删除监控数值', null, '0', '10000'), ('156', '2015-11-25 16:35:26', '2015-11-25 16:35:26', '1', '21', '查看监控数值', null, '0', '10000');
COMMIT;

-- ----------------------------
--  Table structure for `game_enum_category`
-- ----------------------------
DROP TABLE IF EXISTS `game_enum_category`;
CREATE TABLE `game_enum_category` (
  `id` bigint(20) NOT NULL AUTO_INCREMENT,
  `cr_date` datetime DEFAULT NULL,
  `upd_date` datetime DEFAULT NULL,
  `status` int(1) DEFAULT NULL,
  `category_name` varchar(255) DEFAULT NULL,
  PRIMARY KEY (`id`)
) ENGINE=InnoDB AUTO_INCREMENT=10003 DEFAULT CHARSET=utf8;

-- ----------------------------
--  Records of `game_enum_category`
-- ----------------------------
BEGIN;
INSERT INTO `game_enum_category` VALUES ('10000', '2015-02-04 11:39:06', '2015-02-04 11:39:09', '1', 'GM平台功能'), ('10001', '2015-02-04 11:39:06', '2015-02-04 11:39:06', '1', '礼品卡平台功能'), ('10002', '2015-02-04 11:39:06', '2015-02-04 11:39:06', '1', '统计中心');
COMMIT;

-- ----------------------------
--  Table structure for `game_gift_props`
-- ----------------------------
DROP TABLE IF EXISTS `game_gift_props`;
CREATE TABLE `game_gift_props` (
  `id` bigint(20) NOT NULL AUTO_INCREMENT,
  `item_name` varchar(50) DEFAULT NULL,
  `cr_date` datetime DEFAULT NULL,
  `upd_date` datetime DEFAULT NULL,
  `status` varchar(1) DEFAULT NULL,
  `item_id` bigint(50) DEFAULT NULL,
  `game_id` varchar(20) DEFAULT NULL,
  PRIMARY KEY (`id`)
) ENGINE=InnoDB AUTO_INCREMENT=28 DEFAULT CHARSET=utf8;

-- ----------------------------
--  Records of `game_gift_props`
-- ----------------------------
BEGIN;
INSERT INTO `game_gift_props` VALUES ('18', '金币3', '2015-03-18 10:11:59', '2015-03-23 10:14:12', '1', '1', '3'), ('22', '北京市海淀区', '2015-03-20 15:16:20', null, '1', '51', '3'), ('23', '11', '2015-03-23 10:03:39', '2015-03-23 10:15:25', '1', '8', '3'), ('24', 't_item_prototype_name_2', '2015-07-06 14:57:35', null, '1', '2', '3'), ('26', 't_item_prototype_name_1', '2015-07-06 15:05:51', null, '1', '1', '1'), ('27', 't_item_prototype_name_12', '2015-07-06 15:05:51', null, '1', '12', '1');
COMMIT;

-- ----------------------------
--  Table structure for `game_go_all_platform`
-- ----------------------------
DROP TABLE IF EXISTS `game_go_all_platform`;
CREATE TABLE `game_go_all_platform` (
  `id` int(10) NOT NULL AUTO_INCREMENT,
  `server_zone_id` int(10) NOT NULL,
  `store_id` int(10) NOT NULL,
  `plat_form_id` varchar(50) NOT NULL,
  `server_id` varchar(50) NOT NULL,
  PRIMARY KEY (`id`),
  UNIQUE KEY `serverzone_store_platfom` (`server_zone_id`,`store_id`,`plat_form_id`,`server_id`) USING BTREE,
  KEY `server_store_platf` (`server_zone_id`,`store_id`,`plat_form_id`) USING BTREE
) ENGINE=InnoDB DEFAULT CHARSET=utf8;

-- ----------------------------
--  Table structure for `game_go_all_server`
-- ----------------------------
DROP TABLE IF EXISTS `game_go_all_server`;
CREATE TABLE `game_go_all_server` (
  `server_zone_id` int(10) NOT NULL,
  `server_id` varchar(100) NOT NULL,
  `store_id` int(10) NOT NULL,
  `ip` varchar(50) NOT NULL,
  `port` varchar(10) NOT NULL,
  `status` varchar(10) NOT NULL,
  `id` int(10) NOT NULL AUTO_INCREMENT,
  PRIMARY KEY (`id`),
  UNIQUE KEY `serverId` (`server_id`) USING BTREE
) ENGINE=InnoDB DEFAULT CHARSET=utf8;

-- ----------------------------
--  Table structure for `game_go_serverzone`
-- ----------------------------
DROP TABLE IF EXISTS `game_go_serverzone`;
CREATE TABLE `game_go_serverzone` (
  `server_zone_id` int(10) NOT NULL,
  `id` int(10) NOT NULL AUTO_INCREMENT,
  PRIMARY KEY (`id`),
  UNIQUE KEY `serverZoneId` (`server_zone_id`) USING BTREE
) ENGINE=InnoDB DEFAULT CHARSET=utf8;

-- ----------------------------
--  Table structure for `game_go_store`
-- ----------------------------
DROP TABLE IF EXISTS `game_go_store`;
CREATE TABLE `game_go_store` (
  `store_id` int(10) NOT NULL,
  `id` int(10) NOT NULL AUTO_INCREMENT,
  PRIMARY KEY (`id`),
  UNIQUE KEY `storeId` (`store_id`) USING BTREE
) ENGINE=InnoDB DEFAULT CHARSET=utf8;

-- ----------------------------
--  Table structure for `game_log`
-- ----------------------------
DROP TABLE IF EXISTS `game_log`;
CREATE TABLE `game_log` (
  `id` bigint(20) NOT NULL AUTO_INCREMENT,
  `content` text,
  `cr_user` varchar(64) DEFAULT NULL,
  `cr_date` datetime DEFAULT NULL,
  `type` varchar(64) DEFAULT NULL,
  `status` int(1) DEFAULT NULL,
  `upd_date` datetime DEFAULT NULL,
  PRIMARY KEY (`id`)
) ENGINE=MyISAM AUTO_INCREMENT=1250 DEFAULT CHARSET=utf8;

-- ----------------------------
--  Records of `game_log`
-- ----------------------------
BEGIN;
INSERT INTO `game_log` VALUES ('953', '修改:com.enlight.game.entity.User@b097da[loginName=<null>,name=test10000000,password=<null>,salt=<null>,roles=business,registerDate=<null>,storeId=21,email=<null>,upDate=<null>,status=1,plainPassword=<null>,id=25]', 'admin', '2014-12-11 15:09:03', '3', '1', null), ('954', '添加:com.enlight.game.entity.User@1ddac04[loginName=lalala,name=lalala,password=0e4fc91d96d90593a90ba7ea842e7d8de6f43802,salt=b5990dbd9097daf7,roles=store_business,registerDate=Thu Dec 11 15:25:09 CST 2014,storeId=21,email=<null>,upDate=<null>,status=1,plainPassword=lalala,id=26]', 'admin', '2014-12-11 15:25:09', '3', '1', null), ('955', '重置密码:user', 'admin', '2014-12-11 15:27:37', '3', '1', null), ('956', '冻结:lalala', 'admin', '2014-12-11 16:46:43', '3', '1', null), ('957', '修改:com.enlight.game.entity.User@c41d96[loginName=<null>,name=lalala,password=<null>,salt=<null>,roles=store_business,registerDate=<null>,storeId=21,email=<null>,upDate=<null>,status=1,plainPassword=<null>,id=26]', 'admin', '2014-12-11 16:46:50', '3', '1', null), ('958', '修改:com.enlight.game.entity.Stores@106b791[id=1,name=游戏二组,addr=北京东城区,thumb=http://127.0.0.1/game/2014/12/2014121116J6D0H.origin.png,tel=83410650,status=<null>,sort=0,createDate=<null>,upDate=<null>,users=[]]', 'admin', '2014-12-11 16:55:15', '4', '1', null), ('959', '新增:com.enlight.game.entity.Stores@c75c22[id=28,name=游戏一组,addr=北京东城区,thumb=http://127.0.0.1/game/2014/12/2014121116VQ8KA.origin.png,tel=23423423,status=1,sort=2,createDate=<null>,upDate=<null>,users=[]]', 'admin', '2014-12-11 16:55:45', '4', '1', null), ('960', '修改:com.enlight.game.entity.User@3f29ee[loginName=<null>,name=admin,password=<null>,salt=<null>,roles=admin,registerDate=<null>,storeId=1,email=<null>,upDate=<null>,status=1,plainPassword=<null>,id=1]', 'admin', '2014-12-11 16:56:35', '3', '1', null), ('961', '添加:com.enlight.game.entity.User@622800[loginName=test1,name=测试_总业务员,password=5e3d1caf3625369a0e3b80dddf3fdabd14a49b7f,salt=b72c3282a999080e,roles=business,registerDate=Thu Dec 11 16:57:35 CST 2014,storeId=1,email=<null>,upDate=<null>,status=1,plainPassword=admin,id=27]', 'admin', '2014-12-11 16:57:35', '3', '1', null), ('962', '添加:com.enlight.game.entity.User@b1f43b[loginName=test2,name=测试_部门管理员,password=0d786c046c0c78a50a78f26436e7c07e67e28599,salt=ec55095d4097f055,roles=store_admin,registerDate=Thu Dec 11 16:58:37 CST 2014,storeId=1,email=<null>,upDate=<null>,status=1,plainPassword=admin,id=28]', 'admin', '2014-12-11 16:58:37', '3', '1', null), ('963', '添加:com.enlight.game.entity.User@10eacbe[loginName=test3,name=测试_部门业务员,password=b08afeaedea2e18bf6760a36c38369d4b226bb0e,salt=a7fb9c95550dd2c8,roles=admin,registerDate=Thu Dec 11 16:58:56 CST 2014,storeId=1,email=<null>,upDate=<null>,status=1,plainPassword=admin,id=29]', 'admin', '2014-12-11 16:58:56', '3', '1', null), ('964', '添加:com.enlight.game.entity.User@1aa0b38[loginName=test4,name=测试_总业务员,password=5f7e9b7d54f290fcab34c9193b1d55a15d0480d6,salt=d48a6b98297ddeca,roles=business,registerDate=Thu Dec 11 17:00:24 CST 2014,storeId=28,email=<null>,upDate=<null>,status=1,plainPassword=admin,id=30]', 'admin', '2014-12-11 17:00:24', '3', '1', null), ('965', '修改:com.enlight.game.entity.User@1b2c16[loginName=<null>,name=测试_总业务员,password=<null>,salt=<null>,roles=business,registerDate=<null>,storeId=28,email=<null>,upDate=<null>,status=1,plainPassword=<null>,id=27]', 'admin', '2014-12-11 17:01:39', '3', '1', null), ('966', '冻结:测试_总业务员', 'admin', '2014-12-11 17:01:46', '3', '1', null), ('967', '修改:com.enlight.game.entity.User@b0bbb0[loginName=<null>,name=测试_部门业务员,password=<null>,salt=<null>,roles=store_business,registerDate=<null>,storeId=1,email=<null>,upDate=<null>,status=1,plainPassword=<null>,id=29]', '测试_部门业务员', '2014-12-11 17:03:05', '3', '1', null), ('968', '修改:com.enlight.game.entity.User@2ccea8[loginName=<null>,name=测试_部门业务员,password=<null>,salt=<null>,roles=store_business,registerDate=<null>,storeId=1,email=<null>,upDate=<null>,status=1,plainPassword=<null>,id=29]', '测试_部门业务员', '2014-12-11 17:06:33', '3', '1', null), ('969', '修改:com.enlight.game.entity.User@1b94e08[loginName=<null>,name=测试_总业务员1,password=<null>,salt=<null>,roles=business,registerDate=<null>,storeId=28,email=<null>,upDate=<null>,status=1,plainPassword=<null>,id=27]', 'admin', '2014-12-11 17:13:22', '3', '1', null), ('970', '修改:com.enlight.game.entity.User@b5a817[loginName=<null>,name=测试_部门管理员1,password=<null>,salt=<null>,roles=store_admin,registerDate=<null>,storeId=28,email=<null>,upDate=<null>,status=1,plainPassword=<null>,id=28]', 'admin', '2014-12-11 17:13:37', '3', '1', null), ('971', '修改:com.enlight.game.entity.User@33953[loginName=<null>,name=测试_部门业务员1,password=<null>,salt=<null>,roles=store_business,registerDate=<null>,storeId=28,email=<null>,upDate=<null>,status=1,plainPassword=<null>,id=29]', 'admin', '2014-12-11 17:13:48', '3', '1', null), ('972', '修改:com.enlight.game.entity.User@113cec9[loginName=<null>,name=测试_总业务员2,password=<null>,salt=<null>,roles=business,registerDate=<null>,storeId=1,email=<null>,upDate=<null>,status=1,plainPassword=<null>,id=30]', 'admin', '2014-12-11 17:14:05', '3', '1', null), ('973', '添加:com.enlight.game.entity.User@1e963dd[loginName=test5,name=测试_部门管理员2,password=450355cf7b686786bc5f23f865e5f6703b187a33,salt=d103a97e8c5855f4,roles=store_admin,registerDate=Thu Dec 11 17:14:31 CST 2014,storeId=1,email=<null>,upDate=<null>,status=1,plainPassword=admin,id=31]', 'admin', '2014-12-11 17:14:31', '3', '1', null), ('974', '添加:com.enlight.game.entity.User@d86fe2[loginName=test6,name=测试_部门业务员2,password=d177b477f5af57aac4716dfbe8637552dde9636f,salt=3f993b1b46558be9,roles=store_business,registerDate=Thu Dec 11 17:15:18 CST 2014,storeId=1,email=<null>,upDate=<null>,status=1,plainPassword=admin,id=32]', 'admin', '2014-12-11 17:15:18', '3', '1', null), ('975', '修改:com.enlight.game.entity.Stores@1e26b7f[id=28,name=游戏一组,addr=北京东城区,thumb=http://127.0.0.1/game/2014/12/2014121116VQ8KA.origin.png,tel=23423423,status=<null>,sort=0,createDate=<null>,upDate=<null>,users=[]]', '测试_部门管理员1', '2014-12-11 17:53:46', '4', '1', null), ('976', '新增:com.enlight.game.entity.Stores@976292[id=29,name=阿什顿,addr=随碟附送,thumb=<null>,tel=,status=1,sort=3,createDate=<null>,upDate=<null>,users=[]]', 'admin', '2015-01-20 12:18:35', '4', '1', null), ('977', '添加:com.enlight.game.entity.User@59ec7e[loginName=1213,name=admin,password=98edb4d6078c6a161b75c95e84a3392198c4e063,salt=6181a87ef7c7e12e,roles=admin,registerDate=Wed Jan 21 10:52:43 CST 2015,storeId=1,email=<null>,upDate=<null>,status=1,plainPassword=123123,id=33]', 'admin', '2015-01-21 10:52:43', '3', '1', null), ('978', '冻结:12121', 'admin', '2015-01-22 14:43:38', '3', '1', null), ('979', '激活:12121', 'admin', '2015-01-22 14:44:00', '3', '1', null), ('980', '添加:com.enlight.game.entity.User@eb3965[loginName=2,name=2,password=1ece616c32ac3d2a53f4db353d7b3b57bef105a5,salt=7431f9ed6411ce40,roles=,registerDate=Thu Jan 22 15:04:35 CST 2015,storeId=29,28,1,email=<null>,upDate=<null>,status=1,plainPassword=11111,id=38]', 'admin', '2015-01-22 15:04:35', '3', '1', null), ('981', '添加:com.enlight.game.entity.User@11bc06a[loginName=3,name=3,password=3f299ac6874bac0d30e48cd966cc8a634cdfa119,salt=02acd7f561a5eccd,roles=,registerDate=Thu Jan 22 15:09:25 CST 2015,storeId=29,28,1,email=<null>,upDate=<null>,status=1,plainPassword=11111,id=39]', 'admin', '2015-01-22 15:09:25', '3', '1', null), ('982', '修改:com.enlight.game.entity.User@cad81c[loginName=<null>,name=3,password=<null>,salt=<null>,roles=<null>,registerDate=<null>,storeId=阿什顿 ,德玛西亚 ,超神学院 ,email=<null>,upDate=<null>,status=1,plainPassword=<null>,id=39]', 'admin', '2015-01-22 17:11:10', '3', '1', null), ('983', '修改:com.enlight.game.entity.User@be49a5[loginName=<null>,name=啦啦啦啦啦啦,password=<null>,salt=<null>,roles=<null>,registerDate=<null>,storeId=<null>,email=<null>,upDate=<null>,status=1,plainPassword=<null>,id=39]', 'admin', '2015-01-22 17:18:07', '3', '1', null), ('984', '修改:com.enlight.game.entity.User@4392c2[loginName=<null>,name=啦啦啦啦啦啦,password=<null>,salt=<null>,roles=<null>,registerDate=<null>,storeId=<null>,email=<null>,upDate=<null>,status=1,plainPassword=<null>,id=39]', 'admin', '2015-01-22 17:18:41', '3', '1', null), ('985', '修改:com.enlight.game.entity.User@1baadd4[loginName=<null>,name=啦啦啦啦啦啦,password=<null>,salt=<null>,roles=<null>,registerDate=<null>,storeId=29,28,1,email=<null>,upDate=<null>,status=1,plainPassword=<null>,id=39]', 'admin', '2015-01-22 17:21:18', '3', '1', null), ('986', '修改:com.enlight.game.entity.User@12205c0[loginName=<null>,name=啦啦啦啦啦啦,password=<null>,salt=<null>,roles=<null>,registerDate=<null>,storeId=29,28,1,email=<null>,upDate=<null>,status=1,plainPassword=<null>,id=39]', 'admin', '2015-01-22 17:21:23', '3', '1', null), ('987', '修改:com.enlight.game.entity.User@9c5258[loginName=<null>,name=啦啦啦啦啦啦,password=<null>,salt=<null>,roles=<null>,registerDate=<null>,storeId=29,28,1,email=<null>,upDate=<null>,status=1,plainPassword=<null>,id=39]', 'admin', '2015-01-22 17:21:28', '3', '1', null), ('988', '修改:com.enlight.game.entity.User@1a941fe[loginName=<null>,name=啦啦啦啦啦啦,password=<null>,salt=<null>,roles=<null>,registerDate=<null>,storeId=29,28,1,email=<null>,upDate=<null>,status=2,plainPassword=<null>,id=39]', 'admin', '2015-01-22 17:39:54', '3', '1', null), ('989', '修改:com.enlight.game.entity.User@7d4add[loginName=<null>,name=啦啦啦啦啦啦,password=<null>,salt=<null>,roles=<null>,registerDate=<null>,storeId=29,28,1,email=<null>,upDate=<null>,status=1,plainPassword=<null>,id=39]', 'admin', '2015-01-22 17:40:11', '3', '1', null), ('990', '添加:com.enlight.game.entity.User@4d7266[loginName=test1,name=测试1,password=99b95edd89ba82913c80426e2d8bd59cd4466446,salt=aa6e5acfe5fb4e28,roles=,registerDate=Thu Jan 22 17:46:07 CST 2015,storeId=1,email=<null>,upDate=<null>,status=1,plainPassword=asdasd,id=42]', 'admin', '2015-01-22 17:46:07', '3', '1', null), ('991', '添加:com.enlight.game.entity.User@1f43da0[loginName=test,name=啦啦啦啦,password=21b1db1c8447969c0555185118ab9c9596337a74,salt=d595600b3cc056e2,roles=,registerDate=Thu Jan 22 17:54:04 CST 2015,storeId=1,email=<null>,upDate=<null>,status=1,plainPassword=admin,id=43]', 'admin', '2015-01-22 17:54:04', '3', '1', null), ('992', '新增:com.enlight.game.entity.Stores@1067755[id=30,name=1111,addr=111,thumb=<null>,tel=8666232,status=1,sort=4,createDate=<null>,upDate=<null>,users=[]]', 'admin', '2015-01-22 20:00:53', '4', '1', null), ('993', '添加:com.enlight.game.entity.User@1126b00[loginName=test1,name=test1,password=1c7cb5586108fb02e6b494cb0dccb6d09783a489,salt=36696ee7b1c1a868,roles=,registerDate=Fri Jan 23 15:33:28 CST 2015,storeId=29,28,1,30,email=<null>,upDate=<null>,status=1,plainPassword=admin,id=44]', 'admin', '2015-01-23 15:33:28', '3', '1', null), ('994', '添加:com.enlight.game.entity.User@807edf[loginName=test2,name=test2,password=5b2fc096b215317fceef8d2c29eec2a57c811e1f,salt=14223bbadd019120,roles=,registerDate=Fri Jan 23 16:29:16 CST 2015,storeId=30,29,28,1,email=<null>,upDate=<null>,status=1,plainPassword=admin,id=45]', 'admin', '2015-01-23 16:29:16', '3', '1', null), ('995', '添加:com.enlight.game.entity.User@db4f9c[loginName=test3,name=test3,password=c848cda57cd4d5bf0c95df4b7dec8cc9bf72157d,salt=1f257305058e6d95,roles=,registerDate=Fri Jan 23 19:56:57 CST 2015,storeId=30,29,28,1,email=<null>,upDate=<null>,status=1,plainPassword=admin,id=46]', 'admin', '2015-01-23 19:56:57', '3', '1', null), ('996', '添加:com.enlight.game.entity.User@7b9a7e[loginName=test4,name=test4,password=8425c1b64d029567b84fd9a6da66a2be4860cca8,salt=0e7d592fe4f3a9d6,roles=,registerDate=Mon Jan 26 09:45:23 CST 2015,storeId=29,email=<null>,upDate=<null>,status=1,plainPassword=admin,id=47]', 'admin', '2015-01-26 09:45:23', '3', '1', null), ('997', '添加:com.enlight.game.entity.User@1bccfbc[loginName=test5,name=test5,password=113c53421aec727a2ea8732de6f0d305bcdefba4,salt=b1e5ac4417b0d2f6,roles=,registerDate=Mon Jan 26 12:21:07 CST 2015,storeId=30,29,28,1,email=<null>,upDate=<null>,status=1,plainPassword=admin,id=48]', 'admin', '2015-01-26 12:21:07', '3', '1', null), ('998', '添加:com.enlight.game.entity.User@1519576[loginName=test6,name=test6,password=aeae137a73170219a51e86db9f603afe8c915cfb,salt=63c5b8dcc13746ca,roles=,registerDate=Mon Jan 26 13:39:09 CST 2015,storeId=30,29,28,1,email=<null>,upDate=<null>,status=1,plainPassword=admin,id=49]', 'admin', '2015-01-26 13:39:09', '3', '1', null), ('999', '删除:test6', 'admin', '2015-01-26 14:05:41', '3', '1', null), ('1000', '删除:test5', 'admin', '2015-01-26 14:05:43', '3', '1', null), ('1001', '删除:test4', 'admin', '2015-01-26 14:05:45', '3', '1', null), ('1002', '删除:test3', 'admin', '2015-01-26 14:10:33', '3', '1', null), ('1003', '修改:com.enlight.game.entity.User@2856ba[loginName=<null>,name=test2,password=<null>,salt=<null>,roles=<null>,registerDate=<null>,storeId=28,1,email=<null>,upDate=<null>,status=1,plainPassword=<null>,id=45]', 'admin', '2015-01-26 14:51:56', '3', '1', null), ('1004', '修改:com.enlight.game.entity.User@1d11776[loginName=<null>,name=test2,password=<null>,salt=<null>,roles=<null>,registerDate=<null>,storeId=28,1,email=<null>,upDate=<null>,status=1,plainPassword=<null>,id=45]', 'admin', '2015-01-26 14:54:32', '3', '1', null), ('1005', '修改:com.enlight.game.entity.User@ccf41c[loginName=<null>,name=test2,password=<null>,salt=<null>,roles=<null>,registerDate=<null>,storeId=28,1,email=<null>,upDate=<null>,status=1,plainPassword=<null>,id=45]', 'admin', '2015-01-26 14:55:02', '3', '1', null), ('1006', '修改:com.enlight.game.entity.User@1bc5ea7[loginName=<null>,name=admin,password=<null>,salt=<null>,roles=<null>,registerDate=<null>,storeId=<null>,email=<null>,upDate=<null>,status=1,plainPassword=<null>,id=1]', 'admin', '2015-01-26 14:56:31', '3', '1', null), ('1007', '修改:com.enlight.game.entity.User@1539d4b[loginName=<null>,name=admin,password=<null>,salt=<null>,roles=<null>,registerDate=<null>,storeId=<null>,email=<null>,upDate=<null>,status=1,plainPassword=<null>,id=1]', 'admin', '2015-01-26 14:57:29', '3', '1', null), ('1008', '修改:com.enlight.game.entity.User@16d9ed7[loginName=<null>,name=test1,password=<null>,salt=<null>,roles=<null>,registerDate=<null>,storeId=28,1,email=<null>,upDate=<null>,status=1,plainPassword=<null>,id=44]', 'admin', '2015-01-26 14:58:35', '3', '1', null), ('1009', '修改:com.enlight.game.entity.User@b33290[loginName=<null>,name=test1,password=<null>,salt=<null>,roles=<null>,registerDate=<null>,storeId=28,1,email=<null>,upDate=<null>,status=1,plainPassword=<null>,id=44]', 'admin', '2015-01-26 14:58:44', '3', '1', null), ('1010', '修改:com.enlight.game.entity.User@f73671[loginName=<null>,name=test1,password=<null>,salt=<null>,roles=<null>,registerDate=<null>,storeId=28,1,email=<null>,upDate=<null>,status=1,plainPassword=<null>,id=44]', 'admin', '2015-01-26 14:58:48', '3', '1', null), ('1011', '修改:com.enlight.game.entity.User@10e63ee[loginName=<null>,name=啦啦啦啦,password=<null>,salt=<null>,roles=<null>,registerDate=<null>,storeId=1,email=<null>,upDate=<null>,status=1,plainPassword=<null>,id=43]', 'admin', '2015-01-26 14:58:52', '3', '1', null), ('1012', '修改:com.enlight.game.entity.User@c43c8e[loginName=<null>,name=啦啦啦啦,password=<null>,salt=<null>,roles=<null>,registerDate=<null>,storeId=1,email=<null>,upDate=<null>,status=1,plainPassword=<null>,id=43]', 'admin', '2015-01-26 14:58:58', '3', '1', null), ('1013', '重置密码:admin', 'admin', '2015-01-26 15:03:55', '3', '1', null), ('1014', '重置密码:admin', 'admin', '2015-01-26 15:04:15', '3', '1', null), ('1015', '冻结:test2', 'admin', '2015-01-26 15:11:41', '3', '1', null), ('1016', '冻结:test1', 'admin', '2015-01-26 15:11:45', '3', '1', null), ('1017', '冻结:test1', 'admin', '2015-01-26 15:11:49', '3', '1', null), ('1018', '激活:test1', 'admin', '2015-01-26 15:11:51', '3', '1', null), ('1019', '冻结:test1', 'admin', '2015-01-26 15:11:56', '3', '1', null), ('1020', '添加:com.enlight.game.entity.User@8e2d21[loginName=test1,name=test1,password=f7b6a2655b3736a3164b9da84b44a5143a3e7d0a,salt=c6621251dbcf27ef,roles=,registerDate=Mon Jan 26 15:39:30 CST 2015,storeId=30,29,28,1,email=<null>,upDate=<null>,status=1,plainPassword=admin,id=50]', 'admin', '2015-01-26 15:39:30', '3', '1', null), ('1021', '冻结:test1', 'admin', '2015-01-26 15:42:48', '3', '1', null), ('1022', '修改:com.enlight.game.entity.User@303d56[loginName=<null>,name=test1,password=<null>,salt=<null>,roles=<null>,registerDate=<null>,storeId=30,29,28,1,email=<null>,upDate=<null>,status=1,plainPassword=<null>,id=50]', 'admin', '2015-01-26 15:43:58', '3', '1', null), ('1023', '冻结:test1', 'admin', '2015-01-26 15:48:15', '3', '1', null), ('1024', '激活:test1', 'admin', '2015-01-26 15:48:41', '3', '1', null), ('1025', '修改:com.enlight.game.entity.User@18dbd84[loginName=<null>,name=test1,password=<null>,salt=<null>,roles=<null>,registerDate=<null>,storeId=30,29,28,1,email=<null>,upDate=<null>,status=1,plainPassword=<null>,id=50]', 'admin', '2015-01-26 15:55:12', '3', '1', null), ('1026', '修改:com.enlight.game.entity.User@ec47e9[loginName=<null>,name=test1,password=<null>,salt=<null>,roles=<null>,registerDate=<null>,storeId=30,29,28,1,email=<null>,upDate=<null>,status=1,plainPassword=<null>,id=50]', 'admin', '2015-01-26 15:58:13', '3', '1', null), ('1027', '修改:com.enlight.game.entity.User@ee5609[loginName=<null>,name=test1,password=<null>,salt=<null>,roles=,registerDate=<null>,storeId=30,29,28,1,email=<null>,upDate=<null>,status=1,plainPassword=<null>,id=50]', 'admin', '2015-01-26 16:01:01', '3', '1', null), ('1028', '修改:com.enlight.game.entity.User@195fba5[loginName=<null>,name=test1,password=<null>,salt=<null>,roles=,registerDate=<null>,storeId=30,29,28,1,email=<null>,upDate=<null>,status=1,plainPassword=<null>,id=50]', 'admin', '2015-01-26 16:01:09', '3', '1', null), ('1029', '添加:com.enlight.game.entity.User@4befbe[loginName=test2,name=test2,password=857a4aacea43a58033804dfc32c99e2182e49fdf,salt=a6e97c0527554166,roles=,registerDate=Mon Jan 26 16:03:23 CST 2015,storeId=29,30,28,1,email=<null>,upDate=<null>,status=1,plainPassword=admin,id=51]', 'admin', '2015-01-26 16:03:23', '3', '1', null), ('1030', '添加:com.enlight.game.entity.User@1664849[loginName=test3,name=test3,password=dbcba6ea3d94ed5d5cdcc36434283c5a538217dd,salt=255106ba6026cc02,roles=,registerDate=Mon Jan 26 19:58:12 CST 2015,storeId=30,29,28,1,email=<null>,upDate=<null>,status=1,plainPassword=admin,id=52]', 'admin', '2015-01-26 19:58:12', '3', '1', null), ('1031', '添加:com.enlight.game.entity.User@14ec19[loginName=test4,name=test4,password=7b564306e2842419f9ac37dc5393e7a86d75f704,salt=1d5fe592e1d207aa,roles=,registerDate=Mon Jan 26 20:05:24 CST 2015,storeId=<null>,email=<null>,upDate=<null>,status=1,plainPassword=admin,id=53]', 'admin', '2015-01-26 20:05:24', '3', '1', null), ('1032', '添加:com.enlight.game.entity.User@ce7967[loginName=test4,name=test4,password=83662687a1fc0fb33fd1933a239446c0fb422750,salt=daabb16f0011b0ba,roles=,registerDate=Mon Jan 26 20:11:20 CST 2015,storeId=28,30,1,29,email=<null>,upDate=<null>,status=1,plainPassword=admin,id=54]', 'admin', '2015-01-26 20:11:20', '3', '1', null), ('1033', '添加:com.enlight.game.entity.User@420e73[loginName=test5,name=test5,password=e5fa7cfef9f28e71da77798b7f360a84b1556fc2,salt=fb4026c917c732cf,roles=,registerDate=Mon Jan 26 20:14:50 CST 2015,storeId=29,28,email=<null>,upDate=<null>,status=1,plainPassword=admin,id=55]', 'admin', '2015-01-26 20:14:50', '3', '1', null), ('1034', '冻结:test5', 'admin', '2015-01-26 20:16:23', '3', '1', null), ('1035', '激活:test5', 'admin', '2015-01-26 20:16:28', '3', '1', null), ('1036', '添加:com.enlight.game.entity.User@11f9f13[loginName=test,name=test,password=5a635efed5881e568355957e95e899b4618594be,salt=6decee70948f429c,roles=,registerDate=Mon Jan 26 20:17:58 CST 2015,storeId=28,1,email=<null>,upDate=<null>,status=1,plainPassword=admin,id=56]', 'admin', '2015-01-26 20:17:59', '3', '1', null), ('1037', '修改:com.enlight.game.entity.User@1c22350[loginName=<null>,name=test,password=<null>,salt=<null>,roles=,registerDate=<null>,storeId=28,1,email=<null>,upDate=<null>,status=1,plainPassword=<null>,id=56]', 'admin', '2015-01-26 20:20:22', '3', '1', null), ('1038', '修改:com.enlight.game.entity.User@50b3cf[loginName=<null>,name=test,password=<null>,salt=<null>,roles=,registerDate=<null>,storeId=28,email=<null>,upDate=<null>,status=1,plainPassword=<null>,id=56]', 'admin', '2015-01-26 20:21:04', '3', '1', null), ('1039', '冻结:test', 'admin', '2015-01-26 20:21:45', '3', '1', null), ('1040', '激活:test', 'admin', '2015-01-26 20:22:05', '3', '1', null), ('1041', '修改:com.enlight.game.entity.User@1f77a1c[loginName=<null>,name=test1,password=<null>,salt=<null>,roles=,registerDate=<null>,storeId=30,28,1,29,email=<null>,upDate=<null>,status=1,plainPassword=<null>,id=50]', 'admin', '2015-01-26 20:53:07', '3', '1', null), ('1042', '修改:com.enlight.game.entity.User@329d2f[loginName=<null>,name=test,password=<null>,salt=<null>,roles=,registerDate=<null>,storeId=30,29,1,28,email=<null>,upDate=<null>,status=1,plainPassword=<null>,id=56]', 'admin', '2015-01-26 20:53:23', '3', '1', null), ('1043', '修改:com.enlight.game.entity.User@a97693[loginName=<null>,name=test5,password=<null>,salt=<null>,roles=,registerDate=<null>,storeId=28,29,1,30,email=<null>,upDate=<null>,status=1,plainPassword=<null>,id=55]', 'admin', '2015-01-26 20:53:35', '3', '1', null), ('1044', '修改:com.enlight.game.entity.User@197aef5[loginName=<null>,name=test3,password=<null>,salt=<null>,roles=,registerDate=<null>,storeId=28,29,1,30,email=<null>,upDate=<null>,status=1,plainPassword=<null>,id=52]', 'admin', '2015-01-26 20:53:48', '3', '1', null), ('1045', '修改:com.enlight.game.entity.User@1718583[loginName=<null>,name=test4,password=<null>,salt=<null>,roles=,registerDate=<null>,storeId=28,29,30,1,email=<null>,upDate=<null>,status=1,plainPassword=<null>,id=54]', 'admin', '2015-01-26 20:55:07', '3', '1', null), ('1046', '修改:com.enlight.game.entity.User@15827c4[loginName=<null>,name=test2,password=<null>,salt=<null>,roles=,registerDate=<null>,storeId=29,1,28,email=<null>,upDate=<null>,status=1,plainPassword=<null>,id=51]', 'admin', '2015-01-26 20:55:54', '3', '1', null), ('1047', '新增:com.enlight.game.entity.Stores@13b1e2d[id=31,name=11,addr=116.505454,39.958972,thumb=http://127.0.0.1/game/2015/01/2015012620MJENN.origin.png,tel=8663245,status=1,sort=5,createDate=<null>,upDate=<null>,users=[]]', 'admin', '2015-01-26 20:59:02', '4', '1', null), ('1048', '删除:11', 'admin', '2015-01-26 20:59:17', '4', '1', null), ('1049', '修改:com.enlight.game.entity.User@7f84a6[loginName=<null>,name=test,password=<null>,salt=<null>,roles=,registerDate=<null>,storeId=28,1,29,30,email=<null>,upDate=<null>,status=1,plainPassword=<null>,id=56]', 'admin', '2015-01-26 21:01:19', '3', '1', null), ('1050', '冻结:test', 'admin', '2015-01-26 21:03:34', '3', '1', null), ('1051', '激活:test', 'admin', '2015-01-26 21:03:36', '3', '1', null), ('1052', '修改:com.enlight.game.entity.User@24192b[loginName=<null>,name=test2,password=<null>,salt=<null>,roles=,registerDate=<null>,storeId=30,28,1,29,email=<null>,upDate=<null>,status=1,plainPassword=<null>,id=51]', 'admin', '2015-01-26 21:10:30', '3', '1', null), ('1053', '修改:com.enlight.game.entity.User@1186f88[loginName=<null>,name=test,password=<null>,salt=<null>,roles=,registerDate=<null>,storeId=30,email=<null>,upDate=<null>,status=1,plainPassword=<null>,id=56]', 'admin', '2015-01-27 09:54:44', '3', '1', null), ('1054', '修改:com.enlight.game.entity.User@1e66d61[loginName=<null>,name=test4,password=<null>,salt=<null>,roles=,registerDate=<null>,storeId=29,1,email=<null>,upDate=<null>,status=1,plainPassword=<null>,id=54]', 'admin', '2015-01-27 10:56:56', '3', '1', null), ('1055', '修改:com.enlight.game.entity.User@4232fb[loginName=<null>,name=test,password=<null>,salt=<null>,roles=,registerDate=<null>,storeId=<null>,email=<null>,upDate=<null>,status=1,plainPassword=<null>,id=56]', 'admin', '2015-01-27 11:18:44', '3', '1', null), ('1056', '冻结:test', 'admin', '2015-01-27 11:18:48', '3', '1', null), ('1057', '激活:test', 'admin', '2015-01-27 11:18:52', '3', '1', null), ('1058', '修改:com.enlight.game.entity.User@1ce49c9[loginName=<null>,name=test1,password=<null>,salt=<null>,roles=,registerDate=<null>,storeId=1,29,28,30,email=<null>,upDate=<null>,status=1,plainPassword=<null>,id=50]', 'admin', '2015-01-27 11:21:25', '3', '1', null), ('1059', '修改:com.enlight.game.entity.User@1a3774f[loginName=<null>,name=test5,password=<null>,salt=<null>,roles=,registerDate=<null>,storeId=<null>,email=<null>,upDate=<null>,status=1,plainPassword=<null>,id=55]', 'admin', '2015-01-27 11:23:32', '3', '1', null), ('1060', '修改:com.enlight.game.entity.User@39de86[loginName=<null>,name=test4,password=<null>,salt=<null>,roles=,registerDate=<null>,storeId=1,email=<null>,upDate=<null>,status=1,plainPassword=<null>,id=54]', 'admin', '2015-01-27 11:36:35', '3', '1', null), ('1061', '修改:com.enlight.game.entity.User@19ba46f[loginName=<null>,name=test,password=<null>,salt=<null>,roles=,registerDate=<null>,storeId=1,email=<null>,upDate=<null>,status=1,plainPassword=<null>,id=56]', 'admin', '2015-01-27 11:49:23', '3', '1', null), ('1062', '修改:com.enlight.game.entity.User@4c0b22[loginName=<null>,name=test5,password=<null>,salt=<null>,roles=,registerDate=<null>,storeId=28,29,1,email=<null>,upDate=<null>,status=1,plainPassword=<null>,id=55]', 'admin', '2015-01-27 11:49:48', '3', '1', null), ('1063', '修改:com.enlight.game.entity.User@194c146[loginName=<null>,name=test3,password=<null>,salt=<null>,roles=,registerDate=<null>,storeId=<null>,email=<null>,upDate=<null>,status=1,plainPassword=<null>,id=52]', 'admin', '2015-01-27 11:50:25', '3', '1', null), ('1064', '修改:com.enlight.game.entity.User@7bd049[loginName=<null>,name=test,password=<null>,salt=<null>,roles=,registerDate=<null>,storeId=1,email=<null>,upDate=<null>,status=1,plainPassword=<null>,id=56]', 'admin', '2015-01-27 12:00:19', '3', '1', null), ('1065', '修改:com.enlight.game.entity.User@57093c[loginName=<null>,name=test,password=<null>,salt=<null>,roles=,registerDate=<null>,storeId=1,serverZone=,1,2,email=<null>,upDate=<null>,status=1,plainPassword=<null>,id=56]', 'admin', '2015-01-27 13:07:15', '3', '1', null), ('1066', '修改:com.enlight.game.entity.User@1fc49ef[loginName=<null>,name=test,password=<null>,salt=<null>,roles=,registerDate=<null>,storeId=1,serverZone=,1,4,email=<null>,upDate=<null>,status=1,plainPassword=<null>,id=56]', 'admin', '2015-01-27 13:09:15', '3', '1', null), ('1067', '修改:com.enlight.game.entity.User@1a931a8[loginName=<null>,name=test,password=<null>,salt=<null>,roles=,registerDate=<null>,storeId=1,serverZone=,1,4,email=<null>,upDate=<null>,status=1,plainPassword=<null>,id=56]', 'admin', '2015-01-27 13:11:18', '3', '1', null), ('1068', '修改:com.enlight.game.entity.User@177eafe[loginName=<null>,name=test,password=<null>,salt=<null>,roles=,registerDate=<null>,storeId=1,serverZone=,1,4,2,email=<null>,upDate=<null>,status=1,plainPassword=<null>,id=56]', 'admin', '2015-01-27 13:11:29', '3', '1', null), ('1069', '修改:com.enlight.game.entity.User@4c7ff4[loginName=<null>,name=test,password=<null>,salt=<null>,roles=,registerDate=<null>,storeId=<null>,serverZone=,1,4,2,email=<null>,upDate=<null>,status=1,plainPassword=<null>,id=56]', 'admin', '2015-01-27 13:11:56', '3', '1', null), ('1070', '修改:com.enlight.game.entity.User@17cb0f1[loginName=<null>,name=test1,password=<null>,salt=<null>,roles=,registerDate=<null>,storeId=1,29,28,30,serverZone=,1,4,3,email=<null>,upDate=<null>,status=1,plainPassword=<null>,id=50]', 'admin', '2015-01-27 13:18:09', '3', '1', null), ('1071', '修改:com.enlight.game.entity.User@1f7d08a[loginName=<null>,name=test,password=<null>,salt=<null>,roles=,registerDate=<null>,storeId=30,serverZone=,1,4,2,email=<null>,upDate=<null>,status=1,plainPassword=<null>,id=56]', 'admin', '2015-01-27 13:50:55', '3', '1', null), ('1072', '修改:com.enlight.game.entity.User@f12577[loginName=<null>,name=test,password=<null>,salt=<null>,roles=,registerDate=<null>,storeId=28,29,1,30,serverZone=,1,4,2,email=<null>,upDate=<null>,status=1,plainPassword=<null>,id=56]', 'admin', '2015-01-27 14:22:15', '3', '1', null), ('1073', '修改:com.enlight.game.entity.User@17f7292[loginName=<null>,name=test5,password=<null>,salt=<null>,roles=,registerDate=<null>,storeId=30,29,1,28,serverZone=,1,4,3,2,email=<null>,upDate=<null>,status=1,plainPassword=<null>,id=55]', 'admin', '2015-01-27 14:43:00', '3', '1', null), ('1074', '修改:com.enlight.game.entity.User@110d0f2[loginName=<null>,name=test2,password=<null>,salt=<null>,roles=,registerDate=<null>,storeId=1,30,serverZone=,1,4,3,2,email=<null>,upDate=<null>,status=1,plainPassword=<null>,id=51]', 'admin', '2015-01-27 16:54:31', '3', '1', null), ('1075', '修改:com.enlight.game.entity.User@196af5d[loginName=<null>,name=test3,password=<null>,salt=<null>,roles=,registerDate=<null>,storeId=30,28,29,1,serverZone=,1,4,3,2,email=<null>,upDate=<null>,status=1,plainPassword=<null>,id=52]', 'admin', '2015-01-27 16:54:52', '3', '1', null), ('1076', '删除:1111', 'admin', '2015-01-27 17:30:09', '4', '1', null), ('1077', '删除:阿什顿', 'admin', '2015-01-27 17:31:33', '4', '1', null), ('1078', '删除:德玛西亚', 'admin', '2015-01-27 17:33:59', '4', '1', null), ('1079', '删除:超神学院', 'admin', '2015-01-27 17:35:39', '4', '1', null), ('1080', '新增:com.enlight.game.entity.Stores@1ae20eb[id=32,name=1,addr=116.505454,39.958972,thumb=<null>,tel=83410650,status=1,sort=5,createDate=<null>,upDate=<null>,users=[]]', 'admin', '2015-01-27 17:38:45', '4', '1', null), ('1081', '新增:com.enlight.game.entity.Stores@198eb7a[id=33,name=超神学院,addr=<null>,thumb=<null>,tel=8774334,status=1,sort=5,createDate=<null>,upDate=<null>,users=[]]', 'admin', '2015-01-27 17:42:10', '4', '1', null), ('1082', '新增:com.enlight.game.entity.Stores@6b78ba[id=34,name=德玛西亚,addr=<null>,thumb=<null>,tel=8723232,status=1,sort=6,createDate=<null>,upDate=<null>,users=[]]', 'admin', '2015-01-27 17:42:51', '4', '1', null), ('1083', '添加:com.enlight.game.entity.User@1ecceb3[loginName=test,name=test,password=13f692bdef9000a42b9446323f37abba695a92af,salt=3d3d58100dbb9b8c,roles=,registerDate=Tue Jan 27 17:49:05 CST 2015,storeId=33,34,serverZone=,1,2,3,4,email=<null>,upDate=<null>,status=1,plainPassword=admin,id=57]', 'admin', '2015-01-27 17:49:05', '3', '1', null), ('1084', '添加:com.enlight.game.entity.User@1d2fd89[loginName=test1,name=test1,password=33d1d2842c7e8255006c050344c789f348b697e1,salt=d87e4d4a9edab77e,roles=,registerDate=Tue Jan 27 17:53:48 CST 2015,storeId=33,34,serverZone=,1,2,3,email=<null>,upDate=<null>,status=1,plainPassword=admin,id=58]', 'admin', '2015-01-27 17:53:48', '3', '1', null), ('1085', '修改:com.enlight.game.entity.User@d2d3a7[loginName=<null>,name=test1,password=<null>,salt=<null>,roles=,registerDate=<null>,storeId=34,serverZone=,1,email=<null>,upDate=<null>,status=1,plainPassword=<null>,id=58]', 'admin', '2015-01-27 17:54:05', '3', '1', null), ('1086', '修改:com.enlight.game.entity.User@9764d4[loginName=<null>,name=test1,password=<null>,salt=<null>,roles=,registerDate=<null>,storeId=<null>,serverZone=,1,email=<null>,upDate=<null>,status=1,plainPassword=<null>,id=58]', 'admin', '2015-01-27 17:54:13', '3', '1', null), ('1087', '修改:com.enlight.game.entity.User@182b632[loginName=<null>,name=test1,password=<null>,salt=<null>,roles=,registerDate=<null>,storeId=34,serverZone=,1,email=<null>,upDate=<null>,status=1,plainPassword=<null>,id=58]', 'admin', '2015-01-27 17:54:35', '3', '1', null), ('1088', '删除:德玛西亚', 'admin', '2015-01-27 19:19:19', '4', '1', null), ('1089', '删除:超神学院', 'admin', '2015-01-27 19:19:24', '4', '1', null), ('1090', '新增:com.enlight.game.entity.Stores@1d978db[id=35,name=超神学院,addr=<null>,thumb=<null>,tel=98832324,status=1,sort=7,createDate=<null>,upDate=<null>,users=[]]', 'admin', '2015-01-27 19:19:46', '4', '1', null), ('1091', '修改:com.enlight.game.entity.User@c31c5a[loginName=<null>,name=test1,password=<null>,salt=<null>,roles=,registerDate=<null>,storeId=35,serverZone=,1,2,email=<null>,upDate=<null>,status=1,plainPassword=<null>,id=58]', 'admin', '2015-01-27 19:25:48', '3', '1', null), ('1092', '修改:com.enlight.game.entity.User@1d19fb[loginName=<null>,name=test,password=<null>,salt=<null>,roles=,registerDate=<null>,storeId=35,serverZone=,1,2,3,4,email=<null>,upDate=<null>,status=1,plainPassword=<null>,id=57]', 'admin', '2015-01-27 19:25:58', '3', '1', null), ('1093', '新增:com.enlight.game.entity.Stores@19e6a12[id=36,name=德玛西亚,addr=<null>,thumb=<null>,tel=83410650,status=1,sort=8,createDate=<null>,upDate=<null>,users=[]]', 'admin', '2015-01-27 19:36:27', '4', '1', null), ('1094', '新增:com.enlight.game.entity.Stores@1d25a64[id=37,name=测试,addr=<null>,thumb=<null>,tel=83410650,status=1,sort=9,createDate=<null>,upDate=<null>,users=[]]', 'admin', '2015-01-27 20:07:30', '4', '1', null), ('1095', '添加:com.enlight.game.entity.User@ca0772[loginName=test3,name=test3,password=d01e10833d6c1152a8564db3327bb6dddf17b1ab,salt=35c15d8eb6a86765,roles=,registerDate=Tue Jan 27 20:08:13 CST 2015,storeId=35,37,36,serverZone=,1,2,3,email=<null>,upDate=<null>,status=1,plainPassword=admin,id=59]', 'admin', '2015-01-27 20:08:13', '3', '1', null), ('1096', '新增:com.enlight.game.entity.Stores@1552dfc[id=38,name=AR现实增强,addr=<null>,thumb=<null>,tel=8888888,status=1,sort=10,createDate=<null>,upDate=<null>,users=[]]', 'admin', '2015-01-28 18:37:26', '4', '1', null), ('1097', '修改:com.enlight.game.entity.User@112a84f[loginName=<null>,name=test1,password=<null>,salt=<null>,roles=,registerDate=<null>,storeId=38,35,serverZone=,1,2,3,email=<null>,upDate=<null>,status=1,plainPassword=<null>,id=58]', 'admin', '2015-01-28 18:38:21', '3', '1', null), ('1098', '修改:com.enlight.game.entity.User@e7e7b[loginName=<null>,name=test1,password=<null>,salt=<null>,roles=,registerDate=<null>,storeId=37,35,serverZone=,1,2,3,email=<null>,upDate=<null>,status=1,plainPassword=<null>,id=58]', 'admin', '2015-01-28 18:38:51', '3', '1', null), ('1099', '冻结:test3', 'admin', '2015-01-28 18:39:09', '3', '1', null), ('1100', '激活:test3', 'admin', '2015-01-28 18:39:43', '3', '1', null), ('1101', '修改:com.enlight.game.entity.User@c55cde[loginName=<null>,name=test,password=<null>,salt=<null>,roles=,registerDate=<null>,storeId=38,35,serverZone=,1,2,3,4,email=<null>,upDate=<null>,status=1,plainPassword=<null>,id=57]', 'admin', '2015-01-29 14:08:30', '3', '1', null), ('1102', '修改:com.enlight.game.entity.User@5220c0[loginName=<null>,name=test3,password=<null>,salt=<null>,roles=,registerDate=<null>,storeId=36,37,35,38,serverZone=,1,2,3,email=<null>,upDate=<null>,status=1,plainPassword=<null>,id=59]', 'admin', '2015-02-03 10:48:13', '3', '1', null), ('1103', '添加:com.enlight.game.entity.User@45976f[loginName=111,name=111,password=903011095a8ae8a1433d15bd6c74ebe02f913d83,salt=84fdaffa5f766d79,roles=,registerDate=Tue Feb 03 15:18:24 CST 2015,storeId=38,36,serverZone=,1,email=<null>,upDate=<null>,status=1,plainPassword=11111,id=60]', 'admin', '2015-02-03 15:18:24', '3', '1', null), ('1104', '修改:com.enlight.game.entity.User@1a9b1ec[loginName=<null>,name=111,password=<null>,salt=<null>,roles=,registerDate=<null>,storeId=38,serverZone=,1,email=<null>,upDate=<null>,status=1,plainPassword=<null>,id=60]', 'admin', '2015-02-03 15:19:23', '3', '1', null), ('1105', '修改:com.enlight.game.entity.User@421ef8[loginName=<null>,name=test1,password=<null>,salt=<null>,roles=,registerDate=<null>,storeId=38,36,serverZone=,1,2,3,email=<null>,upDate=<null>,status=1,plainPassword=<null>,id=58]', 'admin', '2015-02-03 15:38:44', '3', '1', null), ('1106', '修改:com.enlight.game.entity.User@103c54[loginName=<null>,name=test1,password=<null>,salt=<null>,roles=,registerDate=<null>,storeId=38,36,serverZone=,1,2,3,email=<null>,upDate=<null>,status=1,plainPassword=<null>,id=58]', 'admin', '2015-02-03 15:39:08', '3', '1', null), ('1107', '修改:com.enlight.game.entity.User@1013128[loginName=<null>,name=test1,password=<null>,salt=<null>,roles=,registerDate=<null>,storeId=38,36,serverZone=,1,2,3,email=<null>,upDate=<null>,status=1,plainPassword=<null>,id=58]', 'admin', '2015-02-03 15:39:18', '3', '1', null), ('1108', '修改:com.enlight.game.entity.User@1341c80[loginName=<null>,name=test1,password=<null>,salt=<null>,roles=,registerDate=<null>,storeId=38,36,serverZone=,1,2,3,email=<null>,upDate=<null>,status=1,plainPassword=<null>,id=58]', 'admin', '2015-02-03 15:43:46', '3', '1', null), ('1109', '修改:com.enlight.game.entity.User@1a02c8e[loginName=<null>,name=test1,password=<null>,salt=<null>,roles=,registerDate=<null>,storeId=38,36,serverZone=,1,2,3,email=<null>,upDate=<null>,status=1,plainPassword=<null>,id=58]', 'admin', '2015-02-03 15:48:17', '3', '1', null), ('1110', '修改:com.enlight.game.entity.User@1d1379b[loginName=<null>,name=test1,password=<null>,salt=<null>,roles=,registerDate=<null>,storeId=35,37,38,36,serverZone=,1,2,3,email=<null>,upDate=<null>,status=1,plainPassword=<null>,id=58]', 'admin', '2015-02-03 16:21:40', '3', '1', null), ('1111', '修改:com.enlight.game.entity.User@138e04d[loginName=<null>,name=test3,password=<null>,salt=<null>,roles=,registerDate=<null>,storeId=36,38,37,serverZone=,1,2,3,email=<null>,upDate=<null>,status=1,plainPassword=<null>,id=59]', 'admin', '2015-02-03 16:52:21', '3', '1', null), ('1112', '修改:com.enlight.game.entity.User@aa8cc1[loginName=<null>,name=test3,password=<null>,salt=<null>,roles=,registerDate=<null>,storeId=35,38,37,36,serverZone=,1,2,3,email=<null>,upDate=<null>,status=1,plainPassword=<null>,id=59]', 'admin', '2015-02-03 16:52:31', '3', '1', null), ('1113', '添加:com.enlight.game.entity.User@2dc1b3[loginName=222,name=222,password=ec5fa4283e147b9f5f17c07973a523fbca7f9276,salt=9d9b2bb55afcf537,roles=,registerDate=Tue Feb 03 17:51:48 CST 2015,storeId=38,serverZone=,1,2,email=<null>,updDate=<null>,status=1,plainPassword=admin,id=61]', 'admin', '2015-02-03 17:51:48', '3', '1', null), ('1114', '修改:com.enlight.game.entity.User@1909b6f[loginName=<null>,name=222,password=<null>,salt=<null>,roles=,registerDate=<null>,storeId=38,serverZone=,1,2,email=<null>,updDate=<null>,status=1,plainPassword=<null>,id=61]', 'admin', '2015-02-03 17:52:29', '3', '1', null), ('1115', '修改:com.enlight.game.entity.User@1c51d94[loginName=<null>,name=222,password=<null>,salt=<null>,roles=,registerDate=<null>,storeId=35,36,37,38,serverZone=,1,2,email=<null>,updDate=<null>,status=1,plainPassword=<null>,id=61]', 'admin', '2015-02-03 20:31:17', '3', '1', null), ('1116', '修改:com.enlight.game.entity.User@dc7beb[loginName=<null>,name=111,password=<null>,salt=<null>,roles=,registerDate=<null>,storeId=35,37,38,36,serverZone=,1,email=<null>,updDate=<null>,status=1,plainPassword=<null>,id=60]', 'admin', '2015-02-04 15:48:50', '3', '1', null), ('1117', '修改:com.enlight.game.entity.User@31c1e1[loginName=<null>,name=222,password=<null>,salt=<null>,roles=,registerDate=<null>,storeId=35,36,37,38,serverZone=,1,2,email=<null>,updDate=<null>,status=1,plainPassword=<null>,id=61]', 'admin', '2015-02-05 10:13:02', '3', '1', null), ('1118', '修改:com.enlight.game.entity.User@11c5597[loginName=<null>,name=222,password=<null>,salt=<null>,roles=,registerDate=<null>,storeId=35,36,37,38,serverZone=,1,2,email=<null>,updDate=<null>,status=1,plainPassword=<null>,id=61]', 'admin', '2015-02-05 12:09:18', '3', '1', null), ('1119', '修改:com.enlight.game.entity.User@1d89439[loginName=<null>,name=222,password=<null>,salt=<null>,roles=,registerDate=<null>,storeId=35,37,38,serverZone=,1,2,email=<null>,updDate=<null>,status=1,plainPassword=<null>,id=61]', 'admin', '2015-02-06 16:51:25', '3', '1', null), ('1120', '修改:com.enlight.game.entity.User@1ed2d46[loginName=<null>,name=test1,password=<null>,salt=<null>,roles=,registerDate=<null>,storeId=35,36,37,38,serverZone=,1,2,3,email=<null>,updDate=<null>,status=1,plainPassword=<null>,id=58]', 'admin', '2015-02-06 18:36:17', '3', '1', null), ('1121', '修改:com.enlight.game.entity.User@4034bd[loginName=<null>,name=222,password=<null>,salt=<null>,roles=,registerDate=<null>,storeId=35,37,38,serverZone=,1,2,email=<null>,updDate=<null>,status=1,plainPassword=<null>,id=61]', 'admin', '2015-02-09 11:22:15', '3', '1', null), ('1122', '新增:com.enlight.game.entity.Stores@836bc5[id=31,name=FB,status=1,sort=0,createDate=<null>,updDate=<null>,users=[]]', 'admin', '2015-02-09 13:55:27', '4', '1', null), ('1123', '新增:com.enlight.game.entity.Stores@1bbad83[id=31,name=FB,status=1,createDate=<null>,updDate=<null>,users=[]]', 'admin', '2015-02-09 14:13:13', '4', '1', null), ('1124', '新增:com.enlight.game.entity.Stores@11da5fc[id=32,name=FB,status=1,createDate=<null>,updDate=<null>,users=[]]', 'admin', '2015-02-09 14:13:23', '4', '1', null), ('1125', '删除:FB', 'admin', '2015-02-09 14:14:44', '4', '1', null), ('1126', '新增:com.enlight.game.entity.Stores@2ff27c[id=33,name=FB,status=1,createDate=<null>,updDate=<null>,users=[]]', 'admin', '2015-02-09 14:37:20', '4', '1', null), ('1127', '新增:com.enlight.game.entity.Stores@ff7a9f[id=3,name=FB,status=1,createDate=<null>,updDate=<null>,users=[]]', 'admin', '2015-02-09 14:48:10', '4', '1', null), ('1128', '新增:com.enlight.game.entity.Stores@c870ee[id=2,name=CK,status=1,createDate=<null>,updDate=<null>,users=[]]', 'admin', '2015-02-09 14:49:09', '4', '1', null), ('1129', '添加:com.enlight.game.entity.User@1b1f712[loginName=test1,name=test1,password=23b3dd1397025e19fc2d4af02fcbb91ed450471b,salt=26dada6a582026d4,roles=,registerDate=Mon Feb 09 15:19:07 CST 2015,storeId=3,serverZone=,1,2,email=<null>,updDate=<null>,status=1,plainPassword=admin,id=62]', 'admin', '2015-02-09 15:19:07', '3', '1', null), ('1130', '修改:com.enlight.game.entity.User@ee8427[loginName=<null>,name=test1,password=<null>,salt=<null>,roles=,registerDate=<null>,storeId=3,serverZone=,1,2,email=<null>,updDate=<null>,status=1,plainPassword=<null>,id=62]', 'admin', '2015-02-09 15:20:26', '3', '1', null), ('1131', '新增:com.enlight.game.entity.Stores@5c1312[id=5,name=<null>,status=1,createDate=<null>,updDate=<null>,users=[]]', 'test1', '2015-02-09 17:08:46', '4', '1', null), ('1132', '修改:com.enlight.game.entity.User@162a997[loginName=<null>,name=test1,password=<null>,salt=<null>,roles=,registerDate=<null>,storeId=3,serverZone=,1,2,email=<null>,updDate=<null>,status=1,plainPassword=<null>,id=62]', 'admin', '2015-02-09 17:20:43', '3', '1', null), ('1133', '删除:null', 'admin', '2015-02-09 17:35:12', '4', '1', null), ('1134', '修改:com.enlight.game.entity.User@98950b[loginName=<null>,name=test1,password=<null>,salt=<null>,roles=,registerDate=<null>,storeId=2,3,serverZone=,1,2,email=<null>,updDate=<null>,status=1,plainPassword=<null>,id=62]', 'admin', '2015-02-09 17:37:17', '3', '1', null), ('1135', '修改:com.enlight.game.entity.User@d5ef5e[loginName=<null>,name=test1,password=<null>,salt=<null>,roles=,registerDate=<null>,storeId=3,serverZone=,1,2,email=<null>,updDate=<null>,status=1,plainPassword=<null>,id=62]', 'admin', '2015-02-09 17:38:17', '3', '1', null), ('1136', '新增:com.enlight.game.entity.Stores@1af5508[id=1,name=HK,status=1,createDate=<null>,updDate=<null>,users=[]]', 'admin', '2015-02-09 17:46:39', '4', '1', null), ('1137', '新增:com.enlight.game.entity.Stores@1fe4987[id=4,name=UM,status=1,createDate=<null>,updDate=<null>,users=[]]', 'admin', '2015-02-09 17:46:59', '4', '1', null), ('1138', '修改:com.enlight.game.entity.Stores@70dafc[id=4,name=超神,status=<null>,createDate=<null>,updDate=<null>,users=[]]', 'admin', '2015-02-09 17:47:24', '4', '1', null), ('1139', '修改:com.enlight.game.entity.User@930080[loginName=<null>,name=test1,password=<null>,salt=<null>,roles=,registerDate=<null>,storeId=3,serverZone=,2,1,email=<null>,updDate=<null>,status=1,plainPassword=<null>,id=62]', 'admin', '2015-02-09 18:16:04', '3', '1', null), ('1140', '修改:com.enlight.game.entity.User@1bbcc27[loginName=<null>,name=test1,password=<null>,salt=<null>,roles=,registerDate=<null>,storeId=2,4,3,serverZone=,2,1,email=<null>,updDate=<null>,status=1,plainPassword=<null>,id=62]', 'admin', '2015-02-09 18:19:56', '3', '1', null), ('1141', '删除:HK', 'admin', '2015-02-09 18:20:18', '4', '1', null), ('1142', '删除:超神', 'admin', '2015-02-09 18:25:44', '4', '1', null), ('1143', '删除:test2', 'admin', '2015-02-09 19:16:54', '3', '1', null), ('1144', '删除:test2', 'admin', '2015-02-09 19:20:55', '3', '1', null), ('1145', '删除:test2', 'admin', '2015-02-09 19:26:16', '3', '1', null), ('1146', '删除:test2', 'admin', '2015-02-09 19:29:21', '3', '1', null), ('1147', '删除:test2', 'admin', '2015-02-09 19:32:41', '3', '1', null), ('1148', '删除:test2', 'admin', '2015-02-09 19:33:47', '3', '1', null), ('1149', '删除:test2', 'admin', '2015-02-09 19:35:09', '3', '1', null), ('1150', '添加:com.enlight.game.entity.User@65690c[loginName=test2,name=test2,password=ca82dfe0abdbe194c8b3e6d11b96a161549c546b,salt=eb8b7512f52c6e6b,roles=,registerDate=Mon Feb 09 19:35:45 CST 2015,storeId=2,serverZone=,1,email=<null>,updDate=<null>,status=1,plainPassword=admin,id=70]', 'admin', '2015-02-09 19:35:45', '3', '1', null), ('1151', '删除:test2', 'admin', '2015-02-09 19:39:47', '3', '1', null), ('1152', '添加:com.enlight.game.entity.User@1e083ed[loginName=test2,name=test2,password=e983cba519c6ecee66dfb432707186f96f2cb3fa,salt=f92a8a8ae8c5c2f0,roles=,registerDate=Mon Feb 09 19:40:02 CST 2015,storeId=3,serverZone=,1,email=<null>,updDate=<null>,status=1,plainPassword=admin,id=71]', 'admin', '2015-02-09 19:40:02', '3', '1', null), ('1153', '添加:com.enlight.game.entity.User@19644a[loginName=test4,name=test4,password=b48b721a8accc073d44c0ac6df39250ccf9cb8e5,salt=8cb2a02da8a52def,roles=,registerDate=Mon Feb 09 19:59:35 CST 2015,storeId=1,3,2,serverZone=,1,email=<null>,updDate=<null>,status=1,plainPassword=admin,id=72]', 'admin', '2015-02-09 19:59:35', '3', '1', null), ('1154', '修改:com.enlight.game.entity.User@1b2129d[loginName=<null>,name=test4,password=<null>,salt=<null>,roles=,registerDate=<null>,storeId=<null>,serverZone=,1,email=<null>,updDate=<null>,status=1,plainPassword=<null>,id=72]', 'admin', '2015-02-09 20:00:05', '3', '1', null), ('1155', '添加:com.enlight.game.entity.User@1466c9d[loginName=test5,name=test5,password=5364c2ca643b05ff1038ae8507824825078853d2,salt=3c90a3e8a0dd3e27,roles=,registerDate=Mon Feb 09 20:14:43 CST 2015,storeId=1,2,3,serverZone=,1,email=<null>,updDate=<null>,status=1,plainPassword=admin,id=73]', 'admin', '2015-02-09 20:14:43', '3', '1', null), ('1156', '修改:com.enlight.game.entity.User@1af03c2[loginName=<null>,name=test2,password=<null>,salt=<null>,roles=,registerDate=<null>,storeId=1,2,3,serverZone=,1,email=<null>,updDate=<null>,status=1,plainPassword=<null>,id=71]', 'admin', '2015-02-10 11:26:13', '3', '1', null), ('1157', '修改:com.enlight.game.entity.User@4822a1[loginName=<null>,name=test2,password=<null>,salt=<null>,roles=,registerDate=<null>,storeId=1,2,3,serverZone=,1,email=<null>,updDate=<null>,status=1,plainPassword=<null>,id=71]', 'admin', '2015-02-10 11:41:27', '3', '1', null), ('1158', '修改:com.enlight.game.entity.User@1e4a095[loginName=<null>,name=test2,password=<null>,salt=<null>,roles=,registerDate=<null>,storeId=1,2,3,serverZone=,1,email=<null>,updDate=<null>,status=1,plainPassword=<null>,id=71]', 'admin', '2015-02-10 11:41:46', '3', '1', null), ('1159', '修改:com.enlight.game.entity.User@10cdf5c[loginName=<null>,name=test1,password=<null>,salt=<null>,roles=,registerDate=<null>,storeId=2,serverZone=,2,1,email=<null>,updDate=<null>,status=1,plainPassword=<null>,id=62]', 'admin', '2015-02-10 11:56:44', '3', '1', null), ('1160', '修改:com.enlight.game.entity.User@f408ca[loginName=<null>,name=test1,password=<null>,salt=<null>,roles=,registerDate=<null>,storeId=<null>,serverZone=,2,1,email=<null>,updDate=<null>,status=1,plainPassword=<null>,id=62]', 'admin', '2015-02-10 12:12:09', '3', '1', null), ('1161', '修改:com.enlight.game.entity.User@7804be[loginName=<null>,name=test1,password=<null>,salt=<null>,roles=,registerDate=<null>,storeId=1,2,3,serverZone=,2,1,email=<null>,updDate=<null>,status=1,plainPassword=<null>,id=62]', 'admin', '2015-02-10 12:13:29', '3', '1', null), ('1162', '修改:com.enlight.game.entity.User@10efc5e[loginName=<null>,name=test5,password=<null>,salt=<null>,roles=,registerDate=<null>,storeId=1,2,3,serverZone=,1,email=<null>,updDate=<null>,status=1,plainPassword=<null>,id=73]', 'admin', '2015-02-10 12:16:12', '3', '1', null), ('1163', '修改:com.enlight.game.entity.Stores@1c212b0[id=1,name=HK1,status=<null>,createDate=<null>,updDate=<null>,users=[]]', 'admin', '2015-02-11 10:20:31', '4', '1', null), ('1164', '修改:com.enlight.game.entity.Stores@16cf936[id=1,name=HK,status=<null>,createDate=<null>,updDate=<null>,users=[]]', 'admin', '2015-02-11 10:20:37', '4', '1', null), ('1165', '添加:com.enlight.game.entity.User@142b225[loginName=test6,name=test6,password=4c2824c3e8f2c7ec1742362078b69b372558334b,salt=e71ca8e87965466d,roles=,registerDate=Wed Feb 11 16:31:00 CST 2015,storeId=1,2,3,serverZone=,1,2,email=<null>,updDate=<null>,status=1,plainPassword=admin,id=74]', 'admin', '2015-02-11 16:31:00', '3', '1', null), ('1166', '新增:com.enlight.game.entity.Stores@c5caeb[id=12,name=TTT,status=1,createDate=<null>,updDate=<null>,users=[]]', 'admin', '2015-02-11 19:58:26', '4', '1', null), ('1167', '删除:TTT', 'admin', '2015-02-11 20:05:13', '4', '1', null), ('1168', '修改:com.enlight.game.entity.User@1707a6a[loginName=<null>,name=test4,password=<null>,salt=<null>,roles=,registerDate=<null>,storeId=1,2,serverZone=,1,email=<null>,updDate=<null>,status=1,plainPassword=<null>,id=72]', 'admin', '2015-02-27 12:15:12', '3', '1', null), ('1169', '添加:com.enlight.game.entity.User@143dd02[loginName=test8,name=test8,password=faf685da8e654768291ae7e877df3ab0a7be056c,salt=9aaeee863d0978d0,roles=,registerDate=Sat Feb 28 10:28:06 CST 2015,storeId=3,serverZone=,1,email=<null>,updDate=<null>,status=1,plainPassword=admin,id=75]', 'admin', '2015-02-28 10:28:06', '3', '1', null), ('1170', '修改:com.enlight.game.entity.User@bc7325[loginName=<null>,name=test1,password=<null>,salt=<null>,roles=,registerDate=<null>,storeId=1,2,3,serverZone=,2,1,email=<null>,updDate=<null>,status=1,plainPassword=<null>,id=62]', 'admin', '2015-03-10 10:42:46', '3', '1', null), ('1171', '修改:com.enlight.game.entity.User@f818d7[loginName=<null>,name=test4,password=<null>,salt=<null>,roles=,registerDate=<null>,storeId=1,2,serverZone=,1,email=<null>,updDate=<null>,status=1,plainPassword=<null>,id=72]', 'admin', '2015-03-12 10:14:57', '3', '1', null), ('1172', '添加:com.enlight.game.entity.User@203669[loginName=test1,name=test1,password=32fb16b13e2ebb3c7905e9f0c89ec86e405ad677,salt=718cb7e77eb1a5fb,roles=,registerDate=Thu Mar 12 17:52:14 CST 2015,storeId=1,3,2,serverZone=,1,2,3,4,email=<null>,updDate=<null>,status=1,plainPassword=admin,id=76]', 'admin', '2015-03-12 17:52:14', '3', '1', null), ('1173', '修改:com.enlight.game.entity.User@5c59a[loginName=<null>,name=test1,password=<null>,salt=<null>,roles=,registerDate=<null>,storeId=1,2,serverZone=,1,2,3,4,email=<null>,updDate=<null>,status=1,plainPassword=<null>,id=76]', 'admin', '2015-03-12 17:54:03', '3', '1', null), ('1174', '添加:com.enlight.game.entity.User@1b05312[loginName=test2,name=test2,password=b60518ce8ef9203c9c581ecab5ae9c6fe3423417,salt=3323529a53b207bf,roles=,registerDate=Thu Mar 12 17:56:52 CST 2015,storeId=2,1,3,serverZone=,1,2,3,4,email=<null>,updDate=<null>,status=1,plainPassword=admin,id=77]', 'admin', '2015-03-12 17:56:52', '3', '1', null), ('1175', '修改:com.enlight.game.entity.User@723afcf2[loginName=<null>,name=test1,password=<null>,salt=<null>,roles=,registerDate=<null>,storeId=3,serverZone=,1,2,3,4,email=<null>,updDate=<null>,status=1,plainPassword=<null>,id=76]', 'admin', '2015-03-17 11:30:05', '3', '1', null), ('1176', '修改:com.enlight.game.entity.User@5a441b57[loginName=<null>,name=test1,password=<null>,salt=<null>,roles=,registerDate=<null>,storeId=1,2,3,serverZone=,1,2,3,4,email=<null>,updDate=<null>,status=1,plainPassword=<null>,id=76]', 'admin', '2015-03-17 11:30:31', '3', '1', null), ('1177', '修改:com.enlight.game.entity.User@57b6eda3[loginName=<null>,name=test1,password=<null>,salt=<null>,roles=,registerDate=<null>,storeId=1,2,3,serverZone=,1,2,3,4,email=<null>,updDate=<null>,status=1,plainPassword=<null>,id=76]', 'admin', '2015-03-18 11:32:13', '3', '1', null), ('1178', '添加:com.enlight.game.entity.User@57ab1212[loginName=test3,name=test3,password=7d3f77ce6c01c80b55dabe4f87c9fba4b100b79b,salt=9ead81f68e9e0792,roles=,registerDate=Fri Mar 20 16:08:51 CST 2015,storeId=0,serverZone=,1,2,3,4,email=<null>,updDate=<null>,status=1,plainPassword=admin,id=78]', 'admin', '2015-03-20 16:08:51', '3', '1', null), ('1179', '删除:test3', 'admin', '2015-03-20 16:09:06', '3', '1', null), ('1180', '添加:com.enlight.game.entity.User@4e1543ed[loginName=test3,name=test3,password=9ed0d778068a46994f0222f18790fb7fc94b87c3,salt=2089a8d57a9d4e46,roles=,registerDate=Fri Mar 20 17:11:51 CST 2015,storeId=<null>,serverZone=,1,email=<null>,updDate=<null>,status=1,plainPassword=11111,id=79]', 'admin', '2015-03-20 17:11:51', '3', '1', null), ('1181', '删除:test3', 'admin', '2015-03-20 17:12:01', '3', '1', null), ('1182', '添加:com.enlight.game.entity.User@3cf651a9[loginName=test3,name=test3,password=6391d1b78eb6dbbafbda2ce2d0065aed83797288,salt=5b0a52aad77490a3,roles=,registerDate=Fri Mar 20 17:22:54 CST 2015,storeId=2,serverZone=,1,email=<null>,updDate=<null>,status=1,plainPassword=11111,id=80]', 'admin', '2015-03-20 17:22:54', '3', '1', null), ('1183', '添加:com.enlight.game.entity.User@27c534e[loginName=11111,name=11111,password=4d55ef04f8c4f53d89f142b8129d3e5a84e3352e,salt=30314249de52d48a,roles=,registerDate=Fri Mar 20 17:23:14 CST 2015,storeId=<null>,serverZone=,1,email=<null>,updDate=<null>,status=1,plainPassword=11111,id=81]', 'admin', '2015-03-20 17:23:14', '3', '1', null), ('1184', '删除:11111', 'admin', '2015-03-20 17:23:23', '3', '1', null), ('1185', '修改:com.enlight.game.entity.User@2930dd1a[loginName=<null>,name=test3,password=<null>,salt=<null>,roles=,registerDate=<null>,storeId=1,2,3,serverZone=,1,email=<null>,updDate=<null>,status=1,plainPassword=<null>,id=80]', 'admin', '2015-03-20 17:24:40', '3', '1', null), ('1186', '添加:com.enlight.game.entity.User@5b59eb6a[loginName=test1,name=test1,password=591576e9153c0f4d1f08124460c62046be057c8f,salt=e40cc2495f317705,roles=,registerDate=Thu Apr 09 16:17:38 CST 2015,storeId=<null>,serverZone=,1,2,3,4,email=<null>,updDate=<null>,status=1,plainPassword=admin,id=82]', 'admin', '2015-04-09 16:17:38', '3', '1', null), ('1187', '修改:com.enlight.game.entity.User@1f324210[loginName=<null>,name=test1,password=<null>,salt=<null>,roles=,registerDate=<null>,storeId=3,serverZone=,1,2,3,4,email=<null>,updDate=<null>,status=1,plainPassword=<null>,id=82]', 'admin', '2015-04-09 16:25:16', '3', '1', null), ('1188', '修改:com.enlight.game.entity.User@5e603db9[loginName=<null>,name=test1,password=<null>,salt=<null>,roles=,registerDate=<null>,storeId=2,3,serverZone=,1,2,3,4,email=<null>,updDate=<null>,status=1,plainPassword=<null>,id=82]', 'admin', '2015-04-09 16:25:29', '3', '1', null), ('1189', '修改:com.enlight.game.entity.Stores@6385dc2b[id=1,name=KUN,status=<null>,createDate=<null>,updDate=<null>,users=[]]', 'admin', '2015-04-09 18:44:16', '4', '1', null), ('1190', '修改:com.enlight.game.entity.Stores@1eda65b3[id=1,name=KU,status=<null>,createDate=<null>,updDate=<null>,users=[]]', 'admin', '2015-04-09 18:44:34', '4', '1', null), ('1191', '修改:com.enlight.game.entity.Stores@33f93f24[id=1,name=KUn,status=<null>,createDate=<null>,updDate=<null>,users=[]]', 'admin', '2015-04-09 18:44:41', '4', '1', null), ('1192', '修改:com.enlight.game.entity.Stores@2b14e798[id=1,name=KUN,status=<null>,createDate=<null>,updDate=<null>,users=[]]', 'admin', '2015-04-09 18:44:48', '4', '1', null), ('1193', '添加:com.enlight.game.entity.User@4720a918[loginName=test2,name=test2,password=938271f1260ebc6a7404cfbd9a04d7b82b6ba320,salt=ccdc4c08ede4e26d,roles=,registerDate=Fri Apr 10 10:06:27 CST 2015,storeId=1,2,serverZone=,1,2,3,4,email=<null>,updDate=<null>,status=1,plainPassword=admin,id=83]', 'admin', '2015-04-10 10:06:27', '3', '1', null), ('1194', '修改:com.enlight.game.entity.Stores@3bfba56c[id=1,name=FB,status=<null>,createDate=<null>,updDate=<null>,users=[]]', 'admin', '2015-04-21 09:56:38', '4', '1', null), ('1195', '修改:com.enlight.game.entity.Stores@19d0c6f6[id=3,name=KDS,status=<null>,createDate=<null>,updDate=<null>,users=[]]', 'admin', '2015-04-21 09:56:47', '4', '1', null), ('1196', '修改:com.enlight.game.entity.Stores@32095b1d[id=2,name=KUN,status=<null>,createDate=<null>,updDate=<null>,users=[]]', 'admin', '2015-04-21 09:56:56', '4', '1', null), ('1197', '添加:com.enlight.game.entity.User@1e67f486[loginName=test1,name=test1,password=06ac276f2d63e8b8cd339c5b2ec53ea7c03165ca,salt=211b547e8ccf1e67,roles=,registerDate=Sat Apr 18 18:58:04 CST 2015,storeId=1,serverZone=,1,2,3,4,email=<null>,updDate=<null>,status=1,plainPassword=admin,id=84]', 'admin', '2015-04-18 18:58:04', '3', '1', null), ('1198', '修改:com.enlight.game.entity.User@63534fb3[loginName=<null>,name=test1,password=<null>,salt=<null>,roles=,registerDate=<null>,storeId=1,2,3,serverZone=,1,2,3,4,email=<null>,updDate=<null>,status=1,plainPassword=<null>,id=84]', 'admin', '2015-04-18 18:58:35', '3', '1', null), ('1199', '添加:com.enlight.game.entity.User@7dfde549[loginName=test2,name=test2,password=e90a2e82b9be6a27f48ff13e624e665c518eab64,salt=9f8da845f26ef8d9,roles=,registerDate=Sat Apr 18 18:59:09 CST 2015,storeId=1,2,3,serverZone=,1,2,3,4,email=<null>,updDate=<null>,status=1,plainPassword=admin,id=85]', 'admin', '2015-04-18 18:59:09', '3', '1', null), ('1200', '修改:com.enlight.game.entity.User@780346ef[loginName=<null>,name=test1,password=<null>,salt=<null>,roles=,registerDate=<null>,storeId=1,2,3,serverZone=,1,2,3,4,email=<null>,updDate=<null>,status=1,plainPassword=<null>,id=84]', 'admin', '2015-04-18 19:01:04', '3', '1', null), ('1201', '添加:com.enlight.game.entity.User@530e3b2[loginName=test1,name=test1,password=eaf179cb20174973ae2d68f307a21fb98bebd60a,salt=8856551610b3bc90,roles=,registerDate=Tue May 05 15:16:14 CST 2015,storeId=3,2,1,serverZone=,1,2,3,4,email=<null>,updDate=<null>,status=1,plainPassword=admin,id=86]', 'admin', '2015-05-05 15:16:14', '3', '1', null), ('1202', '添加:com.enlight.game.entity.User@7cad2bb6[loginName=test2,name=test2,password=928f60144b857027adbd76e0a6ccdc4ed0c06f2d,salt=6459527991e83748,roles=,registerDate=Tue May 05 15:16:44 CST 2015,storeId=3,2,1,serverZone=,1,2,3,4,email=<null>,updDate=<null>,status=1,plainPassword=admin,id=87]', 'admin', '2015-05-05 15:16:44', '3', '1', null), ('1203', '添加:com.enlight.game.entity.User@3df5c95[loginName=test3,name=test3,password=3365dfb83391714f8f2f82a0e78e670f01881a62,salt=48f59af8e8451781,roles=,registerDate=Thu Jun 25 18:26:51 CST 2015,storeId=1,3,serverZone=,1,2,email=<null>,updDate=<null>,status=1,plainPassword=admin,id=88]', 'admin', '2015-06-25 18:26:51', '3', '1', null), ('1204', '冻结:test3', 'admin', '2015-07-06 16:03:44', '3', '1', null), ('1205', '激活:test3', 'admin', '2015-07-06 16:03:54', '3', '1', null), ('1206', '重置密码:test1', 'test1', '2015-07-06 16:05:01', '3', '1', null), ('1207', '修改:com.enlight.game.entity.User@9728215[loginName=<null>,name=test1,password=<null>,salt=<null>,roles=,registerDate=<null>,storeId=1,2,3,serverZone=,1,2,3,4,email=<null>,updDate=<null>,status=1,plainPassword=<null>,id=86]', 'admin', '2015-08-04 15:50:19', '3', '1', null), ('1208', '修改:com.enlight.game.entity.User@68329d0a[loginName=<null>,name=test1,password=<null>,salt=<null>,roles=,registerDate=<null>,storeId=1,2,3,serverZone=,1,2,3,4,email=<null>,updDate=<null>,status=1,plainPassword=<null>,id=86]', 'admin', '2015-08-04 18:16:45', '3', '1', null), ('1209', '修改:com.enlight.game.entity.User@6d644d23[loginName=<null>,name=test1,password=<null>,salt=<null>,roles=,registerDate=<null>,storeId=1,2,3,serverZone=,1,2,3,4,email=<null>,updDate=<null>,status=1,plainPassword=<null>,id=86]', 'admin', '2015-08-04 18:20:21', '3', '1', null), ('1210', '修改:com.enlight.game.entity.User@19f5143c[loginName=<null>,name=test1,password=<null>,salt=<null>,roles=,registerDate=<null>,storeId=1,2,3,serverZone=,1,2,3,4,email=<null>,updDate=<null>,status=1,plainPassword=<null>,id=86]', 'admin', '2015-08-04 18:21:50', '3', '1', null), ('1211', '修改:com.enlight.game.entity.User@55eef43c[loginName=<null>,name=test1,password=<null>,salt=<null>,roles=,registerDate=<null>,storeId=1,2,3,serverZone=,1,2,3,4,email=<null>,updDate=<null>,status=1,plainPassword=<null>,id=86]', 'admin', '2015-08-26 12:26:32', '3', '1', null), ('1212', '修改:com.enlight.game.entity.User@542ed47b[loginName=<null>,name=test1,password=<null>,salt=<null>,roles=,registerDate=<null>,storeId=1,2,3,serverZone=,1,2,3,4,email=<null>,updDate=<null>,status=1,plainPassword=<null>,id=86]', 'admin', '2015-08-26 16:39:48', '3', '1', null), ('1213', '修改:com.enlight.game.entity.User@25434264[loginName=<null>,name=test1,password=<null>,salt=<null>,roles=,registerDate=<null>,storeId=1,2,3,serverZone=,1,2,3,4,email=<null>,updDate=<null>,status=1,plainPassword=<null>,id=86]', 'admin', '2015-08-26 16:40:19', '3', '1', null), ('1214', '修改:com.enlight.game.entity.User@2eb00c69[loginName=<null>,name=test3,password=<null>,salt=<null>,roles=,registerDate=<null>,storeId=1,3,serverZone=,1,2,email=<null>,updDate=<null>,status=2,plainPassword=<null>,id=88]', 'admin', '2015-09-28 17:32:59', '3', '1', null), ('1215', '激活:test3', 'admin', '2015-09-28 17:33:38', '3', '1', null), ('1216', '添加:com.enlight.game.entity.User@2b952044[loginName=ad1,name=ad1,password=9fcc6fe73ef67ed26c715d72afddfa696d5943ec,salt=e0b210a14893da80,roles=,registerDate=Mon Oct 26 14:07:09 CST 2015,storeId=1,serverZone=,1,2,3,4,email=<null>,updDate=<null>,status=1,plainPassword=admin,id=89]', 'admin', '2015-10-26 14:07:09', '3', '1', null), ('1217', '新增:com.enlight.game.entity.Stores@1b2185f9[id=1212,name=121,status=1,createDate=<null>,updDate=<null>,users=[]]', 'admin', '2015-11-20 11:25:28', '4', '1', null), ('1218', '修改:com.enlight.game.entity.User@1fcf64fe[loginName=<null>,name=test1,password=<null>,salt=<null>,roles=,registerDate=<null>,storeId=1,2,3,serverZone=,1,2,3,4,email=<null>,updDate=<null>,status=1,plainPassword=<null>,id=86]', 'admin', '2015-11-22 17:00:31', '3', '1', null), ('1219', '删除:ad1', 'admin', '2015-11-22 17:01:41', '3', '1', null), ('1220', '修改:com.enlight.game.entity.User@615bc42c[loginName=<null>,name=test1,password=<null>,salt=<null>,roles=,registerDate=<null>,storeId=1,2,3,serverZone=,1,2,3,4,email=<null>,updDate=<null>,status=1,plainPassword=<null>,id=86]', 'admin', '2015-11-22 17:06:40', '3', '1', null), ('1221', '修改:com.enlight.game.entity.User@4778998d[loginName=<null>,name=test1,password=<null>,salt=<null>,roles=,registerDate=<null>,storeId=1,2,3,serverZone=,1,2,3,4,email=<null>,updDate=<null>,status=1,plainPassword=<null>,id=86]', 'admin', '2015-11-22 17:52:25', '3', '1', null), ('1222', '添加:com.enlight.game.entity.User@7c4d8d21[loginName=test1,name=test1,password=6fb08d5507c298de9a1837815bea8787d68caf19,salt=dc846544aa1899d6,roles=,registerDate=Sun Nov 22 18:12:19 CST 2015,storeId=1,serverZone=,1,2,3,4,email=<null>,updDate=<null>,status=1,plainPassword=admin,id=90]', 'admin', '2015-11-22 18:12:19', '3', '1', null), ('1223', '修改:com.enlight.game.entity.User@352a13e9[loginName=<null>,name=test1,password=<null>,salt=<null>,roles=,registerDate=<null>,storeId=1,serverZone=,1,2,3,4,email=<null>,updDate=<null>,status=1,plainPassword=<null>,id=90]', 'admin', '2015-11-22 18:13:17', '3', '1', null), ('1224', '修改:com.enlight.game.entity.User@49ca3932[loginName=<null>,name=test1,password=<null>,salt=<null>,roles=,registerDate=<null>,storeId=1,serverZone=,1,2,3,4,email=<null>,updDate=<null>,status=1,plainPassword=<null>,id=90]', 'admin', '2015-11-22 18:23:26', '3', '1', null), ('1225', '修改:com.enlight.game.entity.User@116af8ad[loginName=<null>,name=test1,password=<null>,salt=<null>,roles=,registerDate=<null>,storeId=2,1,serverZone=,1,2,3,4,email=<null>,updDate=<null>,status=1,plainPassword=<null>,id=90]', 'admin', '2015-11-22 18:30:18', '3', '1', null), ('1226', '修改:com.enlight.game.entity.User@707e23af[loginName=<null>,name=test1,password=<null>,salt=<null>,roles=,registerDate=<null>,storeId=1,serverZone=,1,2,3,4,email=<null>,updDate=<null>,status=1,plainPassword=<null>,id=90]', 'admin', '2015-11-22 18:36:30', '3', '1', null), ('1227', '修改:com.enlight.game.entity.User@45f5ac73[loginName=<null>,name=test1,password=<null>,salt=<null>,roles=,registerDate=<null>,storeId=1,serverZone=,1,2,3,4,email=<null>,updDate=<null>,status=1,plainPassword=<null>,id=90]', 'admin', '2015-11-22 18:45:09', '3', '1', null), ('1228', '修改:com.enlight.game.entity.User@55c9cca5[loginName=<null>,name=test1,password=<null>,salt=<null>,roles=,registerDate=<null>,storeId=1,serverZone=,1,2,3,4,email=<null>,updDate=<null>,status=1,plainPassword=<null>,id=90]', 'admin', '2015-11-23 10:11:07', '3', '1', null), ('1229', '修改:com.enlight.game.entity.User@6580425c[loginName=<null>,name=test1,password=<null>,salt=<null>,roles=,registerDate=<null>,storeId=1,2,serverZone=,1,2,3,4,email=<null>,updDate=<null>,status=1,plainPassword=<null>,id=90]', 'admin', '2015-11-23 10:43:29', '3', '1', null), ('1230', '修改:com.enlight.game.entity.User@37d2800f[loginName=<null>,name=test1,password=<null>,salt=<null>,roles=,registerDate=<null>,storeId=1,2,serverZone=,3,4,email=<null>,updDate=<null>,status=1,plainPassword=<null>,id=90]', 'admin', '2015-11-23 10:43:44', '3', '1', null), ('1231', '修改:com.enlight.game.entity.User@6f25b1c[loginName=<null>,name=test1,password=<null>,salt=<null>,roles=,registerDate=<null>,storeId=1,2,serverZone=,3,4,1,2,email=<null>,updDate=<null>,status=1,plainPassword=<null>,id=90]', 'admin', '2015-11-23 10:45:11', '3', '1', null), ('1232', '修改:com.enlight.game.entity.User@3f804382[loginName=<null>,name=test1,password=<null>,salt=<null>,roles=,registerDate=<null>,storeId=0,1,2,serverZone=,3,4,1,2,email=<null>,updDate=<null>,status=1,plainPassword=<null>,id=90]', 'admin', '2015-11-23 11:05:58', '3', '1', null);
INSERT INTO `game_log` VALUES ('1233', '修改:com.enlight.game.entity.User@6230e972[loginName=<null>,name=test1,password=<null>,salt=<null>,roles=,registerDate=<null>,storeId=<null>,serverZone=,3,4,1,2,email=<null>,updDate=<null>,status=1,plainPassword=<null>,id=90]', 'admin', '2015-11-23 11:08:14', '3', '1', null), ('1234', '修改:com.enlight.game.entity.User@6856943d[loginName=<null>,name=test1,password=<null>,salt=<null>,roles=,registerDate=<null>,storeId=0,serverZone=,3,4,1,2,email=<null>,updDate=<null>,status=1,plainPassword=<null>,id=90]', 'admin', '2015-11-23 11:08:18', '3', '1', null), ('1235', '添加:com.enlight.game.entity.User@7fc66610[loginName=test2,name=test2,password=b811d9254288be343fc646538cf9aee1f8536e06,salt=db498126d7fa087f,roles=,registerDate=Mon Nov 23 11:09:05 CST 2015,storeId=2,serverZone=,1,2,3,4,email=<null>,updDate=<null>,status=1,plainPassword=admin,id=91]', 'admin', '2015-11-23 11:09:05', '3', '1', null), ('1236', '修改:com.enlight.game.entity.User@207743c9[loginName=<null>,name=test2,password=<null>,salt=<null>,roles=,registerDate=<null>,storeId=0,2,serverZone=,1,2,3,4,email=<null>,updDate=<null>,status=1,plainPassword=<null>,id=91]', 'admin', '2015-11-23 11:09:37', '3', '1', null), ('1237', '修改:com.enlight.game.entity.User@1bb13779[loginName=<null>,name=test2,password=<null>,salt=<null>,roles=,registerDate=<null>,storeId=0,serverZone=,1,2,3,4,email=<null>,updDate=<null>,status=1,plainPassword=<null>,id=91]', 'admin', '2015-11-23 11:11:28', '3', '1', null), ('1238', '修改:com.enlight.game.entity.User@7216912c[loginName=<null>,name=test2,password=<null>,salt=<null>,roles=,registerDate=<null>,storeId=0,1,serverZone=,1,2,3,4,email=<null>,updDate=<null>,status=1,plainPassword=<null>,id=91]', 'admin', '2015-11-23 11:24:08', '3', '1', null), ('1239', '修改:com.enlight.game.entity.User@500337d6[loginName=<null>,name=test2,password=<null>,salt=<null>,roles=,registerDate=<null>,storeId=0,1,serverZone=,1,2,3,4,email=<null>,updDate=<null>,status=1,plainPassword=<null>,id=91]', 'admin', '2015-11-23 11:38:06', '3', '1', null), ('1240', '修改:com.enlight.game.entity.User@28956d2d[loginName=<null>,name=test2,password=<null>,salt=<null>,roles=,registerDate=<null>,storeId=0,1,serverZone=,1,2,3,4,email=<null>,updDate=<null>,status=1,plainPassword=<null>,id=91]', 'admin', '2015-11-23 11:39:20', '3', '1', null), ('1241', '修改:com.enlight.game.entity.User@798440d1[loginName=<null>,name=test2,password=<null>,salt=<null>,roles=,registerDate=<null>,storeId=0,1,serverZone=,1,2,3,4,email=<null>,updDate=<null>,status=1,plainPassword=<null>,id=91]', 'admin', '2015-11-23 11:41:02', '3', '1', null), ('1242', '修改:com.enlight.game.entity.User@3f1ab8cb[loginName=<null>,name=test2,password=<null>,salt=<null>,roles=,registerDate=<null>,storeId=请选择项目,1,serverZone=,1,2,3,4,email=<null>,updDate=<null>,status=1,plainPassword=<null>,id=91]', 'admin', '2015-11-23 12:04:05', '3', '1', null), ('1243', '修改:com.enlight.game.entity.User@65573454[loginName=<null>,name=test2,password=<null>,salt=<null>,roles=,registerDate=<null>,storeId=1,serverZone=,1,2,3,4,email=<null>,updDate=<null>,status=1,plainPassword=<null>,id=91]', 'admin', '2015-11-23 12:05:51', '3', '1', null), ('1244', '修改:com.enlight.game.entity.User@461797f5[loginName=<null>,name=test2,password=<null>,salt=<null>,roles=,registerDate=<null>,storeId=1,3,serverZone=,1,2,3,4,email=<null>,updDate=<null>,status=1,plainPassword=<null>,id=91]', 'admin', '2015-11-23 12:14:06', '3', '1', null), ('1245', '修改:com.enlight.game.entity.User@651a222a[loginName=<null>,name=test1,password=<null>,salt=<null>,roles=,registerDate=<null>,storeId=1,2,serverZone=,3,4,1,2,email=<null>,updDate=<null>,status=1,plainPassword=<null>,id=90]', 'admin', '2015-11-23 12:14:26', '3', '1', null), ('1246', '添加:com.enlight.game.entity.User@1864980e[loginName=test3,name=test3,password=f7310a4c10e15bdedd80ef3c54258cc79901179a,salt=198d316bd0d8d1b8,roles=,registerDate=Thu Nov 12 15:30:25 CST 2015,storeId=3,serverZone=,1,2,3,4,email=<null>,updDate=<null>,status=1,plainPassword=admin,id=92]', 'admin', '2015-11-12 15:30:25', '3', '1', null), ('1247', '修改:com.enlight.game.entity.User@956cfa8[loginName=<null>,name=test3,password=<null>,salt=<null>,roles=,registerDate=<null>,storeId=3,serverZone=,1,2,3,4,email=<null>,updDate=<null>,status=1,plainPassword=<null>,id=92]', 'admin', '2015-11-13 11:01:16', '3', '1', null), ('1248', '修改:com.enlight.game.entity.User@487434a5[loginName=<null>,name=test3,password=<null>,salt=<null>,roles=,registerDate=<null>,storeId=3,serverZone=,1,2,3,4,email=<null>,updDate=<null>,status=1,plainPassword=<null>,id=92]', 'admin', '2015-11-25 17:54:23', '3', '1', null), ('1249', '修改:com.enlight.game.entity.User@675a56b2[loginName=<null>,name=test3,password=<null>,salt=<null>,roles=,registerDate=<null>,storeId=3,serverZone=,1,2,3,4,email=<null>,updDate=<null>,status=1,plainPassword=<null>,id=92]', 'admin', '2015-11-30 14:54:29', '3', '1', null);
COMMIT;

-- ----------------------------
--  Table structure for `game_monitor`
-- ----------------------------
DROP TABLE IF EXISTS `game_monitor`;
CREATE TABLE `game_monitor` (
  `id` bigint(20) NOT NULL AUTO_INCREMENT,
  `monitor_key` varchar(20) DEFAULT NULL,
  `monitor_value` varchar(255) DEFAULT NULL,
  `eql` varchar(10) DEFAULT NULL,
  `store_id` varchar(10) DEFAULT NULL,
  PRIMARY KEY (`id`),
  UNIQUE KEY `test` (`monitor_key`,`eql`,`store_id`) USING BTREE
) ENGINE=InnoDB AUTO_INCREMENT=19 DEFAULT CHARSET=utf8;

-- ----------------------------
--  Records of `game_monitor`
-- ----------------------------
BEGIN;
INSERT INTO `game_monitor` VALUES ('16', '增加的道具数量', '2', 'gte', '3'), ('17', '日志道具id', '1112,3344,333,10183,222', 'eql', '3'), ('18', '增加的道具数量', '111', 'gte', '1');
COMMIT;

-- ----------------------------
--  Table structure for `game_plat_form`
-- ----------------------------
DROP TABLE IF EXISTS `game_plat_form`;
CREATE TABLE `game_plat_form` (
  `id` bigint(20) NOT NULL AUTO_INCREMENT,
  `cr_date` datetime DEFAULT NULL,
  `upd_date` datetime DEFAULT NULL,
  `status` int(1) DEFAULT NULL,
  `pf_id` varchar(100) DEFAULT NULL,
  `pf_name` varchar(100) DEFAULT NULL,
  `server_zone_id` varchar(20) DEFAULT NULL,
  PRIMARY KEY (`id`)
) ENGINE=InnoDB AUTO_INCREMENT=13 DEFAULT CHARSET=utf8;

-- ----------------------------
--  Records of `game_plat_form`
-- ----------------------------
BEGIN;
INSERT INTO `game_plat_form` VALUES ('1', '2015-02-10 21:02:18', '2015-06-16 11:09:44', '1', '11', '测试10', '1'), ('3', '2015-02-12 10:19:24', '2015-03-20 17:57:40', '1', '爱上大声地', '阿什顿的', '1'), ('4', '2015-04-15 15:31:46', '2015-06-16 11:09:38', '1', '1', '测试9', '2'), ('5', '2015-04-15 15:31:51', '2015-06-16 11:09:32', '1', '2', '测试8', '3'), ('6', '2015-04-15 15:31:56', '2015-06-16 11:09:26', '1', '3', '测试7', '4'), ('7', '2015-04-23 16:05:15', '2015-06-16 11:08:50', '1', '4', '测试1', '4'), ('8', '2015-04-21 13:50:36', '2015-06-16 11:09:21', '1', '5', '测试6', '2'), ('9', '2015-04-21 13:50:41', '2015-06-16 11:09:15', '1', '6', '测试5', '3'), ('10', '2015-04-21 13:50:49', '2015-06-16 11:09:08', '1', '7', '测试4', '4'), ('11', '2015-04-21 13:50:56', '2015-06-16 11:09:03', '1', '8', '测试3', '1'), ('12', '2015-04-21 13:51:04', '2015-06-16 11:08:56', '1', '9', '测试2', '2');
COMMIT;

-- ----------------------------
--  Table structure for `game_role_and_enum`
-- ----------------------------
DROP TABLE IF EXISTS `game_role_and_enum`;
CREATE TABLE `game_role_and_enum` (
  `id` bigint(20) NOT NULL AUTO_INCREMENT,
  `role_runction_id` bigint(20) DEFAULT NULL,
  `enum_role` varchar(50) DEFAULT NULL,
  `cr_date` datetime DEFAULT NULL,
  `upd_date` datetime DEFAULT NULL,
  `status` int(1) DEFAULT NULL,
  `enum_name` varchar(50) DEFAULT NULL,
  PRIMARY KEY (`id`)
) ENGINE=InnoDB AUTO_INCREMENT=1725 DEFAULT CHARSET=utf8;

-- ----------------------------
--  Records of `game_role_and_enum`
-- ----------------------------
BEGIN;
INSERT INTO `game_role_and_enum` VALUES ('1347', '398', '1', null, '2015-11-22 18:11:43', '1', '查看运营大区'), ('1350', '398', 'FB_AP', null, '2015-11-22 18:11:43', '1', '（实时）体力日志'), ('1351', '398', 'FB_ITEM', null, '2015-11-22 18:11:43', '1', '（实时）道具日志'), ('1352', '398', 'FB_USER_PORTRAIT', null, '2015-11-22 18:11:43', '1', '（实时）用户画像'), ('1353', '398', 'FB_OFF_USER_RETAINED', null, '2015-11-22 18:11:43', '1', '（离线）用户留存'), ('1442', '398', '19', null, '2015-11-23 10:10:02', '1', '审核礼品卡'), ('1443', '398', '20', null, '2015-11-23 10:10:02', '1', '查询礼品卡'), ('1444', '398', '18', null, '2015-11-23 10:10:23', '1', '礼品卡列表'), ('1445', '398', 'FB_MONEY', null, '2015-11-23 10:10:23', '1', '（实时）真实充值币日志'), ('1447', '400', '2', null, '2015-11-23 10:32:11', '1', '添加运营大区'), ('1448', '400', '3', null, '2015-11-23 10:32:11', '1', '修改运营大区'), ('1450', '400', '17', null, '2015-11-23 10:32:11', '1', '生成礼品卡'), ('1451', '400', '18', null, '2015-11-23 10:32:11', '1', '礼品卡列表'), ('1456', '400', 'FB_AP', null, '2015-11-23 10:32:11', '1', '（实时）体力日志'), ('1457', '400', 'FB_ITEM', null, '2015-11-23 10:32:11', '1', '（实时）道具日志'), ('1468', '400', '1', null, '2015-11-23 10:32:11', '1', '查看运营大区'), ('1469', '400', 'FB_USER', null, '2015-11-23 10:32:11', '1', '（实时）用户相关日志'), ('1470', '400', 'FB_MONEY', null, '2015-11-23 10:32:11', '1', '（实时）真实充值币日志'), ('1471', '400', 'FB_DUMMY', null, '2015-11-23 10:32:11', '1', '（实时）虚拟充值币日志'), ('1472', '400', 'FB_OFF_USER_INCOME', null, '2015-11-23 10:32:11', '1', '（离线）用户收入11212'), ('1509', '402', '17', null, '2015-11-24 14:26:43', '1', '17'), ('1510', '402', '18', null, '2015-11-24 14:26:43', '1', '18'), ('1511', '402', 'KUN_AP', null, '2015-11-24 14:26:43', '1', 'KUN_AP'), ('1512', '402', 'KUN_ITEM', null, '2015-11-24 14:26:43', '1', 'KUN_ITEM'), ('1513', '402', 'KUN_OFF_USER_PAY', null, '2015-11-24 14:26:43', '1', 'KUN_OFF_USER_PAY'), ('1514', '402', 'KUN_OFF_USER_INCOME', null, '2015-11-24 14:26:43', '1', 'KUN_OFF_USER_INCOME'), ('1557', '403', '17', null, '2015-11-24 14:27:22', '1', '17'), ('1563', '403', 'KUN_AP', null, '2015-11-24 14:27:22', '1', 'KUN_AP'), ('1564', '403', 'KUN_ITEM', null, '2015-11-24 14:27:22', '1', 'KUN_ITEM'), ('1565', '403', 'KUN_MONEY', null, '2015-11-24 14:27:22', '1', 'KUN_MONEY'), ('1566', '403', 'KUN_DUMMY', null, '2015-11-24 14:27:22', '1', 'KUN_DUMMY'), ('1567', '403', 'KUN_COIN', null, '2015-11-24 14:27:22', '1', 'KUN_COIN'), ('1568', '403', 'KUN_USER', null, '2015-11-24 14:27:22', '1', 'KUN_USER'), ('1569', '403', 'KUN_USER_PORTRAIT', null, '2015-11-24 14:27:22', '1', 'KUN_USER_PORTRAIT'), ('1570', '403', 'KUN_OFF_USER_RETAINED', null, '2015-11-24 14:27:22', '1', 'KUN_OFF_USER_RETAINED'), ('1571', '403', 'KUN_OFF_USER_ADD', null, '2015-11-24 14:27:22', '1', 'KUN_OFF_USER_ADD'), ('1572', '403', 'KUN_OFF_USER_ACTIVE', null, '2015-11-24 14:27:22', '1', 'KUN_OFF_USER_ACTIVE'), ('1573', '403', 'KUN_OFF_USER_PAY', null, '2015-11-24 14:27:22', '1', 'KUN_OFF_USER_PAY'), ('1574', '403', 'KUN_OFF_USER_INCOME', null, '2015-11-24 14:27:22', '1', 'KUN_OFF_USER_INCOME'), ('1575', '404', '1', null, '2015-11-30 14:25:10', '1', '查看运营大区'), ('1576', '404', '17', null, '2015-11-30 14:25:10', '1', '生成礼品卡'), ('1577', '404', 'KDS_AP', null, '2015-11-30 14:25:10', '1', '（实时）体力日志'), ('1578', '405', '1', null, '2015-11-30 14:25:35', '1', '查看运营大区'), ('1579', '405', '2', null, '2015-11-30 14:25:35', '1', '添加运营大区'), ('1580', '405', '3', null, '2015-11-30 14:25:35', '1', '修改运营大区'), ('1581', '405', '4', null, '2015-11-30 14:25:35', '1', '查看游戏'), ('1582', '405', '5', null, '2015-11-30 14:25:35', '1', '添加游戏'), ('1583', '405', '6', null, '2015-11-30 14:25:35', '1', '修改游戏信息'), ('1584', '405', '7', null, '2015-11-30 14:25:35', '1', '查看服务器信息'), ('1585', '405', '8', null, '2015-11-30 14:25:35', '1', '添加服务器信息'), ('1586', '405', '9', null, '2015-11-30 14:25:35', '1', '修改服务器信息'), ('1587', '405', '10', null, '2015-11-30 14:25:35', '1', '查看渠道'), ('1588', '405', '11', null, '2015-11-30 14:25:35', '1', '添加渠道'), ('1589', '405', '12', null, '2015-11-30 14:25:35', '1', '修改渠道'), ('1590', '405', '13', null, '2015-11-30 14:25:35', '1', '查看功能权限'), ('1591', '405', '14', null, '2015-11-30 14:25:35', '1', '添加功能权限'), ('1592', '405', '15', null, '2015-11-30 14:25:35', '1', '修改功能权限'), ('1593', '405', '16', null, '2015-11-30 14:25:35', '1', '上传文档'), ('1594', '405', 'kds_gm_server_select', null, '2015-11-30 14:25:36', '1', 'kds服务器状态查询'), ('1595', '405', 'kds_gm_server_edit', null, '2015-11-30 14:25:36', '1', 'kds服务器状态修改'), ('1596', '405', 'kds_gm_account_select', null, '2015-11-30 14:25:35', '1', 'kds服务器灰度账号查询'), ('1597', '405', 'kds_gm_account_add', null, '2015-11-30 14:25:35', '1', 'kds服务器灰度账号增加'), ('1598', '405', 'kds_gm_account_update', null, '2015-11-30 14:25:35', '1', 'kds服务器灰度账号修改'), ('1599', '405', 'kds_gm_account_delete', null, '2015-11-30 14:25:35', '1', 'kds服务器灰度账号删除'), ('1600', '405', 'kds_gm_placard_select', null, '2015-11-30 14:25:36', '1', 'kds公告查询'), ('1601', '405', 'kds_gm_placard_add', null, '2015-11-30 14:25:35', '1', 'kds公告增加'), ('1602', '405', 'kds_gm_placard_update', null, '2015-11-30 14:25:36', '1', 'kds公告修改'), ('1603', '405', 'kds_gm_placard_delete', null, '2015-11-30 14:25:36', '1', 'kds公告删除'), ('1604', '405', 'kds_gm_gag_select', null, '2015-11-30 14:25:35', '1', 'kds禁言查询'), ('1605', '405', 'kds_gm_gag_add', null, '2015-11-30 14:25:35', '1', 'kds禁言增加'), ('1606', '405', 'kds_gm_gag_update', null, '2015-11-30 14:25:35', '1', 'kds禁言修改'), ('1607', '405', 'kds_gm_gag_delete', null, '2015-11-30 14:25:35', '1', 'kds禁言删除'), ('1608', '405', 'kds_gm_seal_select', null, '2015-11-30 14:25:36', '1', 'kds封号查询'), ('1609', '405', 'kds_gm_seal_add', null, '2015-11-30 14:25:36', '1', 'kds封号增加'), ('1610', '405', 'kds_gm_seal_update', null, '2015-11-30 14:25:36', '1', 'kds封号修改'), ('1611', '405', 'kds_gm_seal_delete', null, '2015-11-30 14:25:36', '1', 'kds封号删除'), ('1612', '405', 'kds_gm_email_select', null, '2015-11-30 14:25:35', '1', 'kds邮件查询'), ('1613', '405', 'kds_gm_email_add', null, '2015-11-30 14:25:35', '1', 'kds邮件增加'), ('1614', '405', 'kds_gm_email_update', null, '2015-11-30 14:25:35', '1', 'kds邮件修改'), ('1615', '405', 'kds_gm_email_delete', null, '2015-11-30 14:25:35', '1', 'kds邮件删除'), ('1616', '405', 'kds_gm_product_select', null, '2015-11-30 14:25:36', '1', 'kds商店商品查询'), ('1617', '405', 'kds_gm_product_add', null, '2015-11-30 14:25:36', '1', 'kds商店商品增加'), ('1618', '405', 'kds_gm_product_update', null, '2015-11-30 14:25:36', '1', 'kds商店商品修改'), ('1619', '405', 'kds_gm_product_delete', null, '2015-11-30 14:25:36', '1', 'kds商店商品删除'), ('1620', '405', '17', null, '2015-11-30 14:25:35', '1', '生成礼品卡'), ('1621', '405', '18', null, '2015-11-30 14:25:35', '1', '礼品卡列表'), ('1622', '405', '19', null, '2015-11-30 14:25:35', '1', '审核礼品卡'), ('1623', '405', '20', null, '2015-11-30 14:25:35', '1', '查询礼品卡'), ('1624', '405', '29', null, '2015-11-30 14:25:35', '1', '礼品卡添加道具'), ('1625', '405', '30', null, '2015-11-30 14:25:35', '1', '删除礼品卡'), ('1626', '405', 'KDS_AP', null, '2015-11-30 14:25:35', '1', '（实时）体力日志'), ('1627', '405', 'KDS_ITEM', null, '2015-11-30 14:25:36', '1', '（实时）道具日志'), ('1628', '405', 'KDS_MONEY', null, '2015-11-30 14:25:36', '1', '（实时）真实充值币日志'), ('1629', '405', 'KDS_DUMMY', null, '2015-11-30 14:25:35', '1', '（实时）虚拟充值币日志'), ('1630', '405', 'KDS_COIN', null, '2015-11-30 14:25:35', '1', '（实时）游戏币日志'), ('1631', '405', 'KDS_USER', null, '2015-11-30 14:25:36', '1', '（实时）用户相关日志'), ('1632', '405', 'KDS_USER_PORTRAIT', null, '2015-11-30 14:25:36', '1', '（实时）用户画像'), ('1633', '405', 'KDS_OFF_USER_RETAINED', null, '2015-11-30 14:25:36', '1', '（离线）用户留存'), ('1634', '405', 'KDS_OFF_USER_ADD', null, '2015-11-30 14:25:36', '1', '（离线）用户新增、累计'), ('1635', '405', 'KDS_OFF_USER_ACTIVE', null, '2015-11-30 14:25:36', '1', '（离线）用户活跃'), ('1636', '405', 'KDS_OFF_USER_PAY', null, '2015-11-30 14:25:36', '1', '（离线）用户付费率'), ('1637', '405', 'KDS_OFF_USER_INCOME', null, '2015-11-30 14:25:36', '1', '（离线）用户收入'), ('1640', '404', '18', null, '2015-11-30 14:25:10', '1', '礼品卡列表'), ('1641', '404', '19', null, '2015-11-30 14:25:10', '1', '审核礼品卡'), ('1642', '404', '20', null, '2015-11-30 14:25:10', '1', '查询礼品卡'), ('1643', '404', '29', null, '2015-11-30 14:25:10', '1', '礼品卡添加道具'), ('1644', '404', '30', null, '2015-11-30 14:25:10', '1', '删除礼品卡'), ('1645', '404', 'KDS_ITEM', null, '2015-11-30 14:25:10', '1', '（实时）道具日志'), ('1646', '404', 'KDS_MONEY', null, '2015-11-30 14:25:10', '1', '（实时）真实充值币日志'), ('1647', '404', 'KDS_DUMMY', null, '2015-11-30 14:25:10', '1', '（实时）虚拟充值币日志'), ('1648', '404', 'KDS_COIN', null, '2015-11-30 14:25:10', '1', '（实时）游戏币日志'), ('1649', '404', 'KDS_USER', null, '2015-11-30 14:25:10', '1', '（实时）用户相关日志'), ('1650', '404', 'KDS_USER_PORTRAIT', null, '2015-11-30 14:25:10', '1', '（实时）用户画像'), ('1651', '404', 'KDS_OFF_USER_RETAINED', null, '2015-11-30 14:25:10', '1', '（离线）用户留存'), ('1652', '404', 'KDS_OFF_USER_ADD', null, '2015-11-30 14:25:10', '1', '（离线）用户新增、累计'), ('1653', '404', 'KDS_OFF_USER_ACTIVE', null, '2015-11-30 14:25:10', '1', '（离线）用户活跃'), ('1654', '404', 'KDS_OFF_USER_PAY', null, '2015-11-30 14:25:10', '1', '（离线）用户付费率'), ('1655', '404', 'KDS_OFF_USER_INCOME', null, '2015-11-30 14:25:10', '1', '（离线）用户收入'), ('1680', '401', 'FB_OFF_USER_INCOME', null, '2015-11-23 15:43:36', '1', 'FB_OFF_USER_INCOME'), ('1681', '401', '1', null, '2015-11-23 15:43:36', '1', '查看运营大区'), ('1682', '401', '2', null, '2015-11-23 15:43:36', '1', '添加运营大区'), ('1683', '401', '3', null, '2015-11-23 15:43:36', '1', '修改运营大区'), ('1684', '401', '4', null, '2015-11-23 15:43:36', '1', '查看游戏'), ('1685', '401', '5', null, '2015-11-23 15:43:36', '1', '添加游戏'), ('1686', '401', '6', null, '2015-11-23 15:43:36', '1', '修改游戏信息'), ('1687', '401', '7', null, '2015-11-23 15:43:36', '1', '查看服务器信息'), ('1688', '401', '8', null, '2015-11-23 15:43:36', '1', '添加服务器信息'), ('1689', '401', '9', null, '2015-11-23 15:43:36', '1', '修改服务器信息'), ('1690', '401', '10', null, '2015-11-23 15:43:36', '1', '查看渠道'), ('1691', '401', '17', null, '2015-11-23 15:43:36', '1', '生成礼品卡'), ('1692', '401', '18', null, '2015-11-23 15:43:36', '1', '礼品卡列表'), ('1693', '401', '19', null, '2015-11-23 15:43:36', '1', '审核礼品卡'), ('1694', '401', '20', null, '2015-11-23 15:43:36', '1', '查询礼品卡'), ('1695', '401', '29', null, '2015-11-23 15:43:36', '1', '礼品卡添加道具'), ('1696', '401', '30', null, '2015-11-23 15:43:36', '1', '删除礼品卡'), ('1697', '401', 'FB_AP', null, '2015-11-23 15:43:36', '1', '（实时）体力日志'), ('1698', '401', 'FB_ITEM', null, '2015-11-23 15:43:36', '1', '（实时）道具日志'), ('1699', '401', 'FB_USER', null, '2015-11-23 15:43:36', '1', '（实时）用户相关日志'), ('1700', '401', 'FB_USER_PORTRAIT', null, '2015-11-23 15:43:36', '1', '（实时）用户画像'), ('1701', '401', 'FB_OFF_USER_RETAINED', null, '2015-11-23 15:43:36', '1', '（离线）用户留存'), ('1702', '401', 'FB_OFF_USER_PAY', null, '2015-11-23 15:43:36', '1', '（离线）用户付费率'), ('1703', '406', 'KDS_AP', null, '2015-11-30 14:25:21', '1', '（实时）体力日志'), ('1704', '406', 'KDS_ITEM', null, '2015-11-30 14:25:21', '1', '（实时）道具日志'), ('1705', '406', 'KDS_MONEY', null, '2015-11-30 14:25:21', '1', '（实时）真实充值币日志'), ('1706', '406', 'KDS_DUMMY', null, '2015-11-30 14:25:21', '1', '（实时）虚拟充值币日志'), ('1707', '406', 'KDS_COIN', null, '2015-11-30 14:25:21', '1', '（实时）游戏币日志'), ('1708', '406', 'KDS_USER', null, '2015-11-30 14:25:21', '1', '（实时）用户相关日志'), ('1709', '406', 'KDS_OFF_USER_RETAINED', null, '2015-11-30 14:25:21', '1', '（离线）用户留存'), ('1710', '406', 'KDS_OFF_USER_ADD', null, '2015-11-30 14:25:21', '1', '（离线）用户新增、累计'), ('1711', '406', 'KDS_OFF_USER_ACTIVE', null, '2015-11-30 14:25:21', '1', '（离线）用户活跃'), ('1712', '406', 'KDS_OFF_USER_PAY', null, '2015-11-30 14:25:21', '1', '（离线）用户付费率'), ('1713', '406', 'KDS_OFF_USER_INCOME', null, '2015-11-30 14:25:21', '1', '（离线）用户收入'), ('1714', '406', 'KDS_USER_PORTRAIT', null, '2015-11-30 14:25:21', '1', '（实时）用户画像'), ('1715', '405', '22', null, '2015-11-30 14:25:35', '1', '添加监控数值'), ('1716', '405', '23', null, '2015-11-30 14:25:35', '1', '修改监控数值'), ('1717', '405', '24', null, '2015-11-30 14:25:35', '1', '删除监控数值'), ('1718', '405', '21', null, '2015-11-30 14:25:35', '1', '查看监控数值'), ('1719', '406', '22', null, '2015-11-30 14:25:21', '1', '添加监控数值'), ('1720', '406', '23', null, '2015-11-30 14:25:21', '1', '修改监控数值'), ('1721', '406', '24', null, '2015-11-30 14:25:21', '1', '删除监控数值'), ('1722', '406', '21', null, '2015-11-30 14:25:21', '1', '查看监控数值'), ('1723', '404', '2', null, '2015-11-30 14:25:10', '1', '添加运营大区'), ('1724', '404', '3', null, '2015-11-30 14:25:10', '1', '修改运营大区');
COMMIT;

-- ----------------------------
--  Table structure for `game_role_function`
-- ----------------------------
DROP TABLE IF EXISTS `game_role_function`;
CREATE TABLE `game_role_function` (
  `id` bigint(20) NOT NULL AUTO_INCREMENT,
  `cr_date` datetime DEFAULT NULL,
  `upd_date` datetime DEFAULT NULL,
  `status` int(1) DEFAULT NULL,
  `game_id` bigint(20) DEFAULT NULL,
  `role` varchar(50) DEFAULT NULL,
  `game_name` varchar(50) DEFAULT NULL,
  PRIMARY KEY (`id`)
) ENGINE=InnoDB AUTO_INCREMENT=407 DEFAULT CHARSET=utf8;

-- ----------------------------
--  Records of `game_role_function`
-- ----------------------------
BEGIN;
INSERT INTO `game_role_function` VALUES ('398', '2015-11-22 18:11:43', '2015-11-22 18:11:43', '1', '1', '1', 'FB'), ('400', '2015-11-23 10:12:39', '2015-11-23 10:12:39', '1', '1', 'admin', 'FB'), ('401', '2015-11-23 10:36:44', '2015-11-23 10:36:44', '1', '1', 'test', 'FB'), ('402', '2015-11-23 10:40:03', '2015-11-23 10:40:03', '1', '2', '1', 'KUN'), ('403', '2015-11-23 10:40:15', '2015-11-23 10:40:15', '1', '2', 'admin', 'KUN'), ('404', '2015-11-23 10:40:45', '2015-11-23 10:40:45', '1', '3', '1', 'KDS'), ('405', '2015-11-23 10:40:53', '2015-11-23 10:40:53', '1', '3', 'admin', 'KDS'), ('406', '2015-11-12 15:29:51', '2015-11-12 15:29:51', '1', '3', 'kds_1', 'KDS');
COMMIT;

-- ----------------------------
--  Table structure for `game_server`
-- ----------------------------
DROP TABLE IF EXISTS `game_server`;
CREATE TABLE `game_server` (
  `id` bigint(20) NOT NULL AUTO_INCREMENT,
  `cr_date` datetime DEFAULT NULL,
  `upd_date` datetime DEFAULT NULL,
  `status` int(1) DEFAULT NULL,
  `server_id` varchar(20) DEFAULT NULL,
  `ip` varchar(100) DEFAULT NULL,
  `store_id` bigint(20) DEFAULT NULL,
  `server_zone_id` bigint(20) DEFAULT NULL,
  `port` varchar(50) DEFAULT NULL,
  PRIMARY KEY (`id`)
) ENGINE=InnoDB AUTO_INCREMENT=24 DEFAULT CHARSET=utf8;

-- ----------------------------
--  Records of `game_server`
-- ----------------------------
BEGIN;
INSERT INTO `game_server` VALUES ('3', '2015-03-20 17:43:31', '2015-03-20 17:57:24', '1', '3', '10.0.10.5', '1', '1', '8080'), ('19', '2015-03-20 17:43:57', '2015-03-20 17:57:13', '1', '测试2', '10.0.10.5', '1', '1', '8082'), ('20', '2015-04-15 17:45:56', '2015-04-15 17:45:56', '1', '洒大地上', '10.0.10.5', '3', '1', '8082'), ('21', '2015-04-24 10:31:35', '2015-04-24 10:31:35', '1', 'ASDASDA', '10.0.10.5', '2', '2', '8082'), ('22', '2015-07-21 16:03:31', '2015-07-21 16:03:31', '1', '12', '10.0.10.24', '1', '1', '3333'), ('23', '2015-07-21 16:03:46', '2015-07-21 16:03:46', '1', '434', '10.0.10.23', '1', '1', '3332');
COMMIT;

-- ----------------------------
--  Table structure for `game_server_zone`
-- ----------------------------
DROP TABLE IF EXISTS `game_server_zone`;
CREATE TABLE `game_server_zone` (
  `id` bigint(20) NOT NULL AUTO_INCREMENT,
  `server_name` varchar(50) DEFAULT NULL,
  `cr_date` timestamp NULL DEFAULT NULL ON UPDATE CURRENT_TIMESTAMP,
  `upd_date` timestamp NULL DEFAULT NULL,
  `status` int(1) DEFAULT NULL,
  PRIMARY KEY (`id`)
) ENGINE=InnoDB AUTO_INCREMENT=5 DEFAULT CHARSET=utf8;

-- ----------------------------
--  Records of `game_server_zone`
-- ----------------------------
BEGIN;
INSERT INTO `game_server_zone` VALUES ('1', 'IOS官方', '2015-02-10 02:15:58', '2015-02-11 18:20:56', '1'), ('2', 'IOS越狱', '2015-02-10 01:19:02', null, '1'), ('3', '安卓官方', '2015-02-10 01:19:07', null, '1'), ('4', '安卓滚服', '2015-02-10 01:19:13', null, '1');
COMMIT;

-- ----------------------------
--  Table structure for `game_stores`
-- ----------------------------
DROP TABLE IF EXISTS `game_stores`;
CREATE TABLE `game_stores` (
  `store_id` bigint(20) NOT NULL AUTO_INCREMENT,
  `name` varchar(255) DEFAULT NULL,
  `cr_date` timestamp NOT NULL DEFAULT CURRENT_TIMESTAMP ON UPDATE CURRENT_TIMESTAMP,
  `upd_date` timestamp NOT NULL DEFAULT '0000-00-00 00:00:00',
  `status` int(1) DEFAULT NULL,
  PRIMARY KEY (`store_id`)
) ENGINE=MyISAM AUTO_INCREMENT=1213 DEFAULT CHARSET=utf8;

-- ----------------------------
--  Records of `game_stores`
-- ----------------------------
BEGIN;
INSERT INTO `game_stores` VALUES ('3', 'KDS', '2015-02-09 22:48:10', '2015-02-09 22:48:10', '1'), ('2', 'KUN', '2015-02-09 22:49:09', '2015-02-09 22:49:09', '1'), ('1', 'FB', '2015-02-10 02:24:33', '2015-02-10 01:46:39', '1');
COMMIT;

-- ----------------------------
--  Table structure for `game_tag`
-- ----------------------------
DROP TABLE IF EXISTS `game_tag`;
CREATE TABLE `game_tag` (
  `id` bigint(20) NOT NULL AUTO_INCREMENT,
  `tag_id` bigint(20) NOT NULL DEFAULT '0',
  `tag_name` varchar(50) DEFAULT NULL,
  `category` varchar(10) DEFAULT NULL,
  `store_id` varchar(50) DEFAULT NULL,
  `store_name` varchar(10) DEFAULT NULL,
  PRIMARY KEY (`id`,`tag_id`),
  KEY `tag_name` (`tag_id`,`category`,`store_name`) USING HASH,
  KEY `tag_id` (`tag_id`,`category`,`store_id`) USING HASH
) ENGINE=InnoDB AUTO_INCREMENT=1667 DEFAULT CHARSET=utf8;

-- ----------------------------
--  Records of `game_tag`
-- ----------------------------
BEGIN;
INSERT INTO `game_tag` VALUES ('118', '48', '东城区朝阳门', '1', '1', 'FB'), ('119', '49', '北京市东城区', '1', '1', 'FB'), ('120', '50', '北京市宣武区', '1', '1', 'FB'), ('121', '51', '北京市海淀区', '1', '1', 'FB'), ('122', '52', '北京市朝阳区东街', '1', '1', 'FB'), ('123', '53', '北京市东街1922', '1', '1', 'FB'), ('124', '54', '北京市东四', '1', '1', 'FB'), ('125', '6011', '北京市西大', '1', '1', 'FB'), ('126', '1', 't_item_prototype_name_1', '1', '1', 'FB'), ('127', '2', 't_item_prototype_name_2', '1', '1', 'FB'), ('128', '3', 't_item_prototype_name_3', '1', '1', 'FB'), ('129', '4', 't_item_prototype_name_4', '1', '1', 'FB'), ('130', '5', 't_item_prototype_name_5', '1', '1', 'FB'), ('131', '6', 't_item_prototype_name_6', '1', '1', 'FB'), ('132', '7', '测试3', '1', '1', 'FB'), ('133', '8', '11', '1', '1', 'FB'), ('134', '12', 't_item_prototype_name_12', '1', '1', 'FB'), ('135', '13', 't_item_prototype_name_13', '1', '1', 'FB'), ('136', '14', 't_item_prototype_name_14', '1', '1', 'FB'), ('137', '15', 't_item_prototype_name_15', '1', '1', 'FB'), ('138', '16', 't_item_prototype_name_16', '1', '1', 'FB'), ('139', '17', 't_item_prototype_name_17', '1', '1', 'FB'), ('140', '18', 't_item_prototype_name_18', '1', '1', 'FB'), ('141', '19', 't_item_prototype_name_19', '1', '1', 'FB'), ('142', '20', 't_item_prototype_name_20', '1', '1', 'FB'), ('143', '21', 't_item_prototype_name_21', '1', '1', 'FB'), ('144', '22', 't_item_prototype_name_22', '1', '1', 'FB'), ('145', '23', 't_item_prototype_name_23', '1', '1', 'FB'), ('146', '99', 't_item_prototype_name_99', '1', '1', 'FB'), ('147', '100', 't_item_prototype_name_100', '1', '1', 'FB'), ('148', '101', 't_item_prototype_name_101', '1', '1', 'FB'), ('149', '102', 't_item_prototype_name_102', '1', '1', 'FB'), ('150', '103', 't_item_prototype_name_103', '1', '1', 'FB'), ('151', '104', 't_item_prototype_name_104', '1', '1', 'FB'), ('152', '105', 't_item_prototype_name_105', '1', '1', 'FB'), ('153', '106', 't_item_prototype_name_106', '1', '1', 'FB'), ('154', '107', 't_item_prototype_name_107', '1', '1', 'FB'), ('155', '108', 't_item_prototype_name_108', '1', '1', 'FB'), ('156', '109', 't_item_prototype_name_109', '1', '1', 'FB'), ('157', '110', 't_item_prototype_name_110', '1', '1', 'FB'), ('158', '111', 't_item_prototype_name_111', '1', '1', 'FB'), ('159', '112', 't_item_prototype_name_112', '1', '1', 'FB'), ('160', '113', 't_item_prototype_name_113', '1', '1', 'FB'), ('161', '114', 't_item_prototype_name_114', '1', '1', 'FB'), ('162', '115', 't_item_prototype_name_115', '1', '1', 'FB'), ('163', '116', 't_item_prototype_name_116', '1', '1', 'FB'), ('164', '117', 't_item_prototype_name_117', '1', '1', 'FB'), ('165', '118', 't_item_prototype_name_118', '1', '1', 'FB'), ('166', '119', 't_item_prototype_name_119', '1', '1', 'FB'), ('167', '120', 't_item_prototype_name_120', '1', '1', 'FB'), ('168', '121', 't_item_prototype_name_121', '1', '1', 'FB'), ('169', '122', 't_item_prototype_name_122', '1', '1', 'FB'), ('170', '123', 't_item_prototype_name_123', '1', '1', 'FB'), ('171', '124', 't_item_prototype_name_124', '1', '1', 'FB'), ('172', '125', 't_item_prototype_name_125', '1', '1', 'FB'), ('173', '126', 't_item_prototype_name_126', '1', '1', 'FB'), ('174', '127', 't_item_prototype_name_127', '1', '1', 'FB'), ('175', '128', 't_item_prototype_name_128', '1', '1', 'FB'), ('176', '129', 't_item_prototype_name_129', '1', '1', 'FB'), ('177', '130', 't_item_prototype_name_130', '1', '1', 'FB'), ('178', '131', 't_item_prototype_name_131', '1', '1', 'FB'), ('179', '132', 't_item_prototype_name_132', '1', '1', 'FB'), ('180', '133', 't_item_prototype_name_133', '1', '1', 'FB'), ('181', '134', 't_item_prototype_name_134', '1', '1', 'FB'), ('182', '135', 't_item_prototype_name_135', '1', '1', 'FB'), ('183', '136', 't_item_prototype_name_136', '1', '1', 'FB'), ('184', '137', 't_item_prototype_name_137', '1', '1', 'FB'), ('185', '138', 't_item_prototype_name_138', '1', '1', 'FB'), ('186', '139', 't_item_prototype_name_139', '1', '1', 'FB'), ('187', '140', 't_item_prototype_name_140', '1', '1', 'FB'), ('188', '141', 't_item_prototype_name_141', '1', '1', 'FB'), ('189', '142', 't_item_prototype_name_142', '1', '1', 'FB'), ('190', '143', 't_item_prototype_name_143', '1', '1', 'FB'), ('191', '144', 't_item_prototype_name_144', '1', '1', 'FB'), ('192', '145', 't_item_prototype_name_145', '1', '1', 'FB'), ('193', '146', 't_item_prototype_name_146', '1', '1', 'FB'), ('194', '147', 't_item_prototype_name_147', '1', '1', 'FB'), ('195', '148', 't_item_prototype_name_148', '1', '1', 'FB'), ('196', '149', 't_item_prototype_name_149', '1', '1', 'FB'), ('197', '150', 't_item_prototype_name_150', '1', '1', 'FB'), ('198', '151', 't_item_prototype_name_151', '1', '1', 'FB'), ('199', '152', 't_item_prototype_name_152', '1', '1', 'FB'), ('200', '153', 't_item_prototype_name_153', '1', '1', 'FB'), ('201', '154', 't_item_prototype_name_154', '1', '1', 'FB'), ('202', '155', 't_item_prototype_name_155', '1', '1', 'FB'), ('203', '156', 't_item_prototype_name_156', '1', '1', 'FB'), ('204', '157', 't_item_prototype_name_157', '1', '1', 'FB'), ('205', '158', 't_item_prototype_name_158', '1', '1', 'FB'), ('206', '159', 't_item_prototype_name_159', '1', '1', 'FB'), ('207', '160', 't_item_prototype_name_160', '1', '1', 'FB'), ('208', '161', 't_item_prototype_name_161', '1', '1', 'FB'), ('209', '162', 't_item_prototype_name_162', '1', '1', 'FB'), ('210', '163', 't_item_prototype_name_163', '1', '1', 'FB'), ('211', '164', 't_item_prototype_name_164', '1', '1', 'FB'), ('212', '165', 't_item_prototype_name_165', '1', '1', 'FB'), ('213', '166', 't_item_prototype_name_166', '1', '1', 'FB'), ('214', '167', 't_item_prototype_name_167', '1', '1', 'FB'), ('215', '168', 't_item_prototype_name_168', '1', '1', 'FB'), ('216', '169', 't_item_prototype_name_169', '1', '1', 'FB'), ('217', '170', 't_item_prototype_name_170', '1', '1', 'FB'), ('218', '171', 't_item_prototype_name_171', '1', '1', 'FB'), ('219', '172', 't_item_prototype_name_172', '1', '1', 'FB'), ('220', '173', 't_item_prototype_name_173', '1', '1', 'FB'), ('221', '174', 't_item_prototype_name_174', '1', '1', 'FB'), ('222', '175', 't_item_prototype_name_175', '1', '1', 'FB'), ('223', '176', 't_item_prototype_name_176', '1', '1', 'FB'), ('224', '177', 't_item_prototype_name_177', '1', '1', 'FB'), ('225', '178', 't_item_prototype_name_178', '1', '1', 'FB'), ('226', '179', 't_item_prototype_name_179', '1', '1', 'FB'), ('227', '180', 't_item_prototype_name_180', '1', '1', 'FB'), ('228', '181', 't_item_prototype_name_181', '1', '1', 'FB'), ('229', '182', 't_item_prototype_name_182', '1', '1', 'FB'), ('230', '183', 't_item_prototype_name_183', '1', '1', 'FB'), ('231', '184', 't_item_prototype_name_184', '1', '1', 'FB'), ('232', '185', 't_item_prototype_name_185', '1', '1', 'FB'), ('233', '186', 't_item_prototype_name_186', '1', '1', 'FB'), ('234', '187', 't_item_prototype_name_187', '1', '1', 'FB'), ('235', '188', 't_item_prototype_name_188', '1', '1', 'FB'), ('236', '189', 't_item_prototype_name_189', '1', '1', 'FB'), ('237', '190', 't_item_prototype_name_190', '1', '1', 'FB'), ('238', '191', 't_item_prototype_name_191', '1', '1', 'FB'), ('239', '192', 't_item_prototype_name_192', '1', '1', 'FB'), ('240', '193', 't_item_prototype_name_193', '1', '1', 'FB'), ('241', '194', 't_item_prototype_name_194', '1', '1', 'FB'), ('242', '195', 't_item_prototype_name_195', '1', '1', 'FB'), ('243', '196', 't_item_prototype_name_196', '1', '1', 'FB'), ('244', '197', 't_item_prototype_name_197', '1', '1', 'FB'), ('245', '198', 't_item_prototype_name_198', '1', '1', 'FB'), ('246', '199', 't_item_prototype_name_199', '1', '1', 'FB'), ('247', '200', 't_item_prototype_name_200', '1', '1', 'FB'), ('248', '201', 't_item_prototype_name_201', '1', '1', 'FB'), ('249', '202', 't_item_prototype_name_202', '1', '1', 'FB'), ('250', '203', 't_item_prototype_name_203', '1', '1', 'FB'), ('251', '204', 't_item_prototype_name_204', '1', '1', 'FB'), ('252', '205', 't_item_prototype_name_205', '1', '1', 'FB'), ('253', '206', 't_item_prototype_name_206', '1', '1', 'FB'), ('254', '207', 't_item_prototype_name_207', '1', '1', 'FB'), ('255', '208', 't_item_prototype_name_208', '1', '1', 'FB'), ('256', '209', 't_item_prototype_name_209', '1', '1', 'FB'), ('257', '210', 't_item_prototype_name_210', '1', '1', 'FB'), ('258', '211', 't_item_prototype_name_211', '1', '1', 'FB'), ('259', '212', 't_item_prototype_name_212', '1', '1', 'FB'), ('260', '213', 't_item_prototype_name_213', '1', '1', 'FB'), ('261', '214', 't_item_prototype_name_214', '1', '1', 'FB'), ('262', '215', 't_item_prototype_name_215', '1', '1', 'FB'), ('263', '216', 't_item_prototype_name_216', '1', '1', 'FB'), ('264', '217', 't_item_prototype_name_217', '1', '1', 'FB'), ('265', '218', 't_item_prototype_name_218', '1', '1', 'FB'), ('266', '219', 't_item_prototype_name_219', '1', '1', 'FB'), ('267', '220', 't_item_prototype_name_220', '1', '1', 'FB'), ('268', '221', 't_item_prototype_name_221', '1', '1', 'FB'), ('269', '222', 't_item_prototype_name_222', '1', '1', 'FB'), ('270', '223', 't_item_prototype_name_223', '1', '1', 'FB'), ('271', '224', 't_item_prototype_name_224', '1', '1', 'FB'), ('272', '225', 't_item_prototype_name_225', '1', '1', 'FB'), ('273', '226', 't_item_prototype_name_226', '1', '1', 'FB'), ('274', '227', 't_item_prototype_name_227', '1', '1', 'FB'), ('275', '228', 't_item_prototype_name_228', '1', '1', 'FB'), ('276', '229', 't_item_prototype_name_229', '1', '1', 'FB'), ('277', '230', 't_item_prototype_name_230', '1', '1', 'FB'), ('278', '231', 't_item_prototype_name_231', '1', '1', 'FB'), ('279', '232', 't_item_prototype_name_232', '1', '1', 'FB'), ('280', '233', 't_item_prototype_name_233', '1', '1', 'FB'), ('281', '234', 't_item_prototype_name_234', '1', '1', 'FB'), ('282', '235', 't_item_prototype_name_235', '1', '1', 'FB'), ('283', '236', 't_item_prototype_name_236', '1', '1', 'FB'), ('284', '248', 't_item_prototype_name_248', '1', '1', 'FB'), ('285', '254', 't_item_prototype_name_254', '1', '1', 'FB'), ('286', '256', 't_item_prototype_name_256', '1', '1', 'FB'), ('287', '328', 't_item_prototype_name_328', '1', '1', 'FB'), ('288', '329', 't_item_prototype_name_329', '1', '1', 'FB'), ('289', '330', 't_item_prototype_name_330', '1', '1', 'FB'), ('290', '331', 't_item_prototype_name_331', '1', '1', 'FB'), ('291', '332', 't_item_prototype_name_332', '1', '1', 'FB'), ('292', '333', 't_item_prototype_name_333', '1', '1', 'FB'), ('293', '334', 't_item_prototype_name_334', '1', '1', 'FB'), ('294', '335', 't_item_prototype_name_335', '1', '1', 'FB'), ('295', '336', 't_item_prototype_name_336', '1', '1', 'FB'), ('296', '337', 't_item_prototype_name_337', '1', '1', 'FB'), ('297', '338', 't_item_prototype_name_338', '1', '1', 'FB'), ('298', '339', 't_item_prototype_name_339', '1', '1', 'FB'), ('299', '340', 't_item_prototype_name_340', '1', '1', 'FB'), ('300', '341', 't_item_prototype_name_341', '1', '1', 'FB'), ('301', '342', 't_item_prototype_name_342', '1', '1', 'FB'), ('302', '343', 't_item_prototype_name_343', '1', '1', 'FB'), ('303', '344', 't_item_prototype_name_344', '1', '1', 'FB'), ('304', '345', 't_item_prototype_name_345', '1', '1', 'FB'), ('305', '346', 't_item_prototype_name_346', '1', '1', 'FB'), ('306', '347', 't_item_prototype_name_347', '1', '1', 'FB'), ('307', '348', 't_item_prototype_name_348', '1', '1', 'FB'), ('308', '349', 't_item_prototype_name_349', '1', '1', 'FB'), ('309', '350', 't_item_prototype_name_350', '1', '1', 'FB'), ('310', '351', 't_item_prototype_name_351', '1', '1', 'FB'), ('311', '352', 't_item_prototype_name_352', '1', '1', 'FB'), ('312', '353', 't_item_prototype_name_353', '1', '1', 'FB'), ('313', '354', 't_item_prototype_name_354', '1', '1', 'FB'), ('314', '355', 't_item_prototype_name_355', '1', '1', 'FB'), ('315', '356', 't_item_prototype_name_356', '1', '1', 'FB'), ('316', '357', 't_item_prototype_name_357', '1', '1', 'FB'), ('317', '358', 't_item_prototype_name_358', '1', '1', 'FB'), ('318', '359', 't_item_prototype_name_359', '1', '1', 'FB'), ('319', '360', 't_item_prototype_name_360', '1', '1', 'FB'), ('320', '361', 't_item_prototype_name_361', '1', '1', 'FB'), ('321', '362', 't_item_prototype_name_362', '1', '1', 'FB'), ('322', '363', 't_item_prototype_name_363', '1', '1', 'FB'), ('323', '364', 't_item_prototype_name_364', '1', '1', 'FB'), ('324', '365', 't_item_prototype_name_365', '1', '1', 'FB'), ('325', '366', 't_item_prototype_name_366', '1', '1', 'FB'), ('326', '367', 't_item_prototype_name_367', '1', '1', 'FB'), ('327', '368', 't_item_prototype_name_368', '1', '1', 'FB'), ('328', '369', 't_item_prototype_name_369', '1', '1', 'FB'), ('329', '370', 't_item_prototype_name_370', '1', '1', 'FB'), ('330', '371', 't_item_prototype_name_371', '1', '1', 'FB'), ('331', '372', 't_item_prototype_name_372', '1', '1', 'FB'), ('332', '373', 't_item_prototype_name_373', '1', '1', 'FB'), ('333', '374', 't_item_prototype_name_374', '1', '1', 'FB'), ('334', '375', 't_item_prototype_name_375', '1', '1', 'FB'), ('335', '376', 't_item_prototype_name_376', '1', '1', 'FB'), ('336', '377', 't_item_prototype_name_377', '1', '1', 'FB'), ('337', '378', 't_item_prototype_name_378', '1', '1', 'FB'), ('338', '379', 't_item_prototype_name_379', '1', '1', 'FB'), ('339', '380', 't_item_prototype_name_380', '1', '1', 'FB'), ('340', '381', 't_item_prototype_name_381', '1', '1', 'FB'), ('341', '382', 't_item_prototype_name_382', '1', '1', 'FB'), ('342', '383', 't_item_prototype_name_383', '1', '1', 'FB'), ('343', '384', 't_item_prototype_name_384', '1', '1', 'FB'), ('344', '385', 't_item_prototype_name_385', '1', '1', 'FB'), ('345', '386', 't_item_prototype_name_386', '1', '1', 'FB'), ('346', '387', 't_item_prototype_name_387', '1', '1', 'FB'), ('347', '388', 't_item_prototype_name_388', '1', '1', 'FB'), ('348', '389', 't_item_prototype_name_389', '1', '1', 'FB'), ('349', '390', 't_item_prototype_name_390', '1', '1', 'FB'), ('350', '391', 't_item_prototype_name_391', '1', '1', 'FB'), ('351', '392', 't_item_prototype_name_392', '1', '1', 'FB'), ('352', '393', 't_item_prototype_name_393', '1', '1', 'FB'), ('353', '394', 't_item_prototype_name_394', '1', '1', 'FB'), ('354', '395', 't_item_prototype_name_395', '1', '1', 'FB'), ('355', '396', 't_item_prototype_name_396', '1', '1', 'FB'), ('356', '397', 't_item_prototype_name_397', '1', '1', 'FB'), ('357', '398', 't_item_prototype_name_398', '1', '1', 'FB'), ('358', '399', 't_item_prototype_name_399', '1', '1', 'FB'), ('359', '400', 't_item_prototype_name_400', '1', '1', 'FB'), ('360', '401', 't_item_prototype_name_401', '1', '1', 'FB'), ('361', '402', 't_item_prototype_name_402', '1', '1', 'FB'), ('362', '403', 't_item_prototype_name_403', '1', '1', 'FB'), ('363', '404', 't_item_prototype_name_404', '1', '1', 'FB'), ('364', '405', 't_item_prototype_name_405', '1', '1', 'FB'), ('365', '406', 't_item_prototype_name_406', '1', '1', 'FB'), ('366', '407', 't_item_prototype_name_407', '1', '1', 'FB'), ('367', '408', 't_item_prototype_name_408', '1', '1', 'FB'), ('368', '409', 't_item_prototype_name_409', '1', '1', 'FB'), ('369', '410', 't_item_prototype_name_410', '1', '1', 'FB'), ('370', '411', 't_item_prototype_name_411', '1', '1', 'FB'), ('371', '412', 't_item_prototype_name_412', '1', '1', 'FB'), ('372', '413', 't_item_prototype_name_413', '1', '1', 'FB'), ('373', '414', 't_item_prototype_name_414', '1', '1', 'FB'), ('374', '415', 't_item_prototype_name_415', '1', '1', 'FB'), ('375', '416', 't_item_prototype_name_416', '1', '1', 'FB'), ('376', '417', 't_item_prototype_name_417', '1', '1', 'FB'), ('377', '418', 't_item_prototype_name_418', '1', '1', 'FB'), ('378', '419', 't_item_prototype_name_419', '1', '1', 'FB'), ('379', '420', 't_item_prototype_name_420', '1', '1', 'FB'), ('380', '421', 't_item_prototype_name_421', '1', '1', 'FB'), ('381', '422', 't_item_prototype_name_422', '1', '1', 'FB'), ('382', '423', 't_item_prototype_name_423', '1', '1', 'FB'), ('383', '424', 't_item_prototype_name_424', '1', '1', 'FB'), ('384', '425', 't_item_prototype_name_425', '1', '1', 'FB'), ('385', '426', 't_item_prototype_name_426', '1', '1', 'FB'), ('386', '427', 't_item_prototype_name_427', '1', '1', 'FB'), ('387', '428', 't_item_prototype_name_428', '1', '1', 'FB'), ('388', '429', 't_item_prototype_name_429', '1', '1', 'FB'), ('389', '430', 't_item_prototype_name_430', '1', '1', 'FB'), ('390', '431', 't_item_prototype_name_431', '1', '1', 'FB'), ('391', '432', 't_item_prototype_name_432', '1', '1', 'FB'), ('392', '433', 't_item_prototype_name_433', '1', '1', 'FB'), ('393', '434', 't_item_prototype_name_434', '1', '1', 'FB'), ('394', '435', 't_item_prototype_name_435', '1', '1', 'FB'), ('395', '436', 't_item_prototype_name_436', '1', '1', 'FB'), ('396', '437', 't_item_prototype_name_437', '1', '1', 'FB'), ('397', '438', 't_item_prototype_name_438', '1', '1', 'FB'), ('398', '439', 't_item_prototype_name_439', '1', '1', 'FB'), ('399', '440', 't_item_prototype_name_440', '1', '1', 'FB'), ('400', '441', 't_item_prototype_name_441', '1', '1', 'FB'), ('401', '442', 't_item_prototype_name_442', '1', '1', 'FB'), ('402', '443', 't_item_prototype_name_443', '1', '1', 'FB'), ('403', '444', 't_item_prototype_name_444', '1', '1', 'FB'), ('404', '445', 't_item_prototype_name_445', '1', '1', 'FB'), ('405', '446', 't_item_prototype_name_446', '1', '1', 'FB'), ('406', '447', 't_item_prototype_name_447', '1', '1', 'FB'), ('407', '448', 't_item_prototype_name_448', '1', '1', 'FB'), ('408', '449', 't_item_prototype_name_449', '1', '1', 'FB'), ('409', '450', 't_item_prototype_name_450', '1', '1', 'FB'), ('410', '451', 't_item_prototype_name_451', '1', '1', 'FB'), ('411', '452', 't_item_prototype_name_452', '1', '1', 'FB'), ('412', '453', 't_item_prototype_name_453', '1', '1', 'FB'), ('413', '454', 't_item_prototype_name_454', '1', '1', 'FB'), ('414', '455', 't_item_prototype_name_455', '1', '1', 'FB'), ('415', '456', 't_item_prototype_name_456', '1', '1', 'FB'), ('416', '457', 't_item_prototype_name_457', '1', '1', 'FB'), ('417', '458', 't_item_prototype_name_458', '1', '1', 'FB'), ('418', '459', 't_item_prototype_name_459', '1', '1', 'FB'), ('419', '460', 't_item_prototype_name_460', '1', '1', 'FB'), ('420', '461', 't_item_prototype_name_461', '1', '1', 'FB'), ('421', '462', 't_item_prototype_name_462', '1', '1', 'FB'), ('422', '463', 't_item_prototype_name_463', '1', '1', 'FB'), ('423', '464', 't_item_prototype_name_464', '1', '1', 'FB'), ('424', '465', 't_item_prototype_name_465', '1', '1', 'FB'), ('425', '466', 't_item_prototype_name_466', '1', '1', 'FB'), ('426', '467', 't_item_prototype_name_467', '1', '1', 'FB'), ('427', '468', 't_item_prototype_name_468', '1', '1', 'FB'), ('428', '469', 't_item_prototype_name_469', '1', '1', 'FB'), ('429', '470', 't_item_prototype_name_470', '1', '1', 'FB'), ('430', '471', 't_item_prototype_name_471', '1', '1', 'FB'), ('431', '472', 't_item_prototype_name_472', '1', '1', 'FB'), ('432', '473', 't_item_prototype_name_473', '1', '1', 'FB'), ('433', '474', 't_item_prototype_name_474', '1', '1', 'FB'), ('434', '475', 't_item_prototype_name_475', '1', '1', 'FB'), ('435', '476', 't_item_prototype_name_476', '1', '1', 'FB'), ('436', '477', 't_item_prototype_name_477', '1', '1', 'FB'), ('437', '478', 't_item_prototype_name_478', '1', '1', 'FB'), ('438', '479', 't_item_prototype_name_479', '1', '1', 'FB'), ('439', '480', 't_item_prototype_name_480', '1', '1', 'FB'), ('440', '481', 't_item_prototype_name_481', '1', '1', 'FB'), ('441', '482', 't_item_prototype_name_482', '1', '1', 'FB'), ('442', '483', 't_item_prototype_name_483', '1', '1', 'FB'), ('443', '484', 't_item_prototype_name_484', '1', '1', 'FB'), ('444', '485', 't_item_prototype_name_485', '1', '1', 'FB'), ('445', '486', 't_item_prototype_name_486', '1', '1', 'FB'), ('446', '487', 't_item_prototype_name_487', '1', '1', 'FB'), ('447', '488', 't_item_prototype_name_488', '1', '1', 'FB'), ('448', '489', 't_item_prototype_name_489', '1', '1', 'FB'), ('449', '490', 't_item_prototype_name_490', '1', '1', 'FB'), ('450', '491', 't_item_prototype_name_491', '1', '1', 'FB'), ('451', '492', 't_item_prototype_name_492', '1', '1', 'FB'), ('452', '493', 't_item_prototype_name_493', '1', '1', 'FB'), ('453', '494', 't_item_prototype_name_494', '1', '1', 'FB'), ('454', '495', 't_item_prototype_name_495', '1', '1', 'FB'), ('455', '496', 't_item_prototype_name_496', '1', '1', 'FB'), ('456', '497', 't_item_prototype_name_497', '1', '1', 'FB'), ('457', '498', 't_item_prototype_name_498', '1', '1', 'FB'), ('458', '499', 't_item_prototype_name_499', '1', '1', 'FB'), ('459', '500', 't_item_prototype_name_500', '1', '1', 'FB'), ('460', '501', 't_item_prototype_name_501', '1', '1', 'FB'), ('461', '502', 't_item_prototype_name_502', '1', '1', 'FB'), ('462', '503', 't_item_prototype_name_503', '1', '1', 'FB'), ('463', '1001', 't_item_prototype_name_1001', '1', '1', 'FB'), ('464', '1002', 't_item_prototype_name_1002', '1', '1', 'FB'), ('465', '1003', 't_item_prototype_name_1003', '1', '1', 'FB'), ('466', '1004', 't_item_prototype_name_1004', '1', '1', 'FB'), ('467', '1005', 't_item_prototype_name_1005', '1', '1', 'FB'), ('468', '1006', 't_item_prototype_name_1006', '1', '1', 'FB'), ('469', '1007', 't_item_prototype_name_1007', '1', '1', 'FB'), ('470', '1008', 't_item_prototype_name_1008', '1', '1', 'FB'), ('471', '1009', 't_item_prototype_name_1009', '1', '1', 'FB'), ('472', '1010', 't_item_prototype_name_1010', '1', '1', 'FB'), ('473', '1011', 't_item_prototype_name_1011', '1', '1', 'FB'), ('474', '1012', 't_item_prototype_name_1012', '1', '1', 'FB'), ('475', '1013', 't_item_prototype_name_1013', '1', '1', 'FB'), ('476', '1014', 't_item_prototype_name_1014', '1', '1', 'FB'), ('477', '1015', 't_item_prototype_name_1015', '1', '1', 'FB'), ('478', '1016', 't_item_prototype_name_1016', '1', '1', 'FB'), ('479', '1017', 't_item_prototype_name_1017', '1', '1', 'FB'), ('480', '1018', 't_item_prototype_name_1018', '1', '1', 'FB'), ('481', '1019', 't_item_prototype_name_1019', '1', '1', 'FB'), ('482', '1020', 't_item_prototype_name_1020', '1', '1', 'FB'), ('483', '1021', 't_item_prototype_name_1021', '1', '1', 'FB'), ('484', '1022', 't_item_prototype_name_1022', '1', '1', 'FB'), ('485', '1023', 't_item_prototype_name_1023', '1', '1', 'FB'), ('486', '1024', 't_item_prototype_name_1024', '1', '1', 'FB'), ('487', '1025', 't_item_prototype_name_1025', '1', '1', 'FB'), ('488', '1026', 't_item_prototype_name_1026', '1', '1', 'FB'), ('489', '1027', 't_item_prototype_name_1027', '1', '1', 'FB'), ('490', '1028', 't_item_prototype_name_1028', '1', '1', 'FB'), ('491', '1029', 't_item_prototype_name_1029', '1', '1', 'FB'), ('492', '1030', 't_item_prototype_name_1030', '1', '1', 'FB'), ('493', '1031', 't_item_prototype_name_1031', '1', '1', 'FB'), ('494', '1032', 't_item_prototype_name_1032', '1', '1', 'FB'), ('495', '1033', 't_item_prototype_name_1033', '1', '1', 'FB'), ('496', '1034', 't_item_prototype_name_1034', '1', '1', 'FB'), ('497', '1035', 't_item_prototype_name_1035', '1', '1', 'FB'), ('498', '1036', 't_item_prototype_name_1036', '1', '1', 'FB'), ('499', '1037', 't_item_prototype_name_1037', '1', '1', 'FB'), ('500', '1038', 't_item_prototype_name_1038', '1', '1', 'FB'), ('501', '1039', 't_item_prototype_name_1039', '1', '1', 'FB'), ('502', '1040', 't_item_prototype_name_1040', '1', '1', 'FB'), ('503', '1041', 't_item_prototype_name_1041', '1', '1', 'FB'), ('504', '1042', 't_item_prototype_name_1042', '1', '1', 'FB'), ('505', '1043', 't_item_prototype_name_1043', '1', '1', 'FB'), ('506', '1044', 't_item_prototype_name_1044', '1', '1', 'FB'), ('507', '1045', 't_item_prototype_name_1045', '1', '1', 'FB'), ('508', '1046', 't_item_prototype_name_1046', '1', '1', 'FB'), ('509', '1047', 't_item_prototype_name_1047', '1', '1', 'FB'), ('510', '1048', 't_item_prototype_name_1048', '1', '1', 'FB'), ('511', '1049', 't_item_prototype_name_1049', '1', '1', 'FB'), ('512', '1050', 't_item_prototype_name_1050', '1', '1', 'FB'), ('513', '1051', 't_item_prototype_name_1051', '1', '1', 'FB'), ('514', '1052', 't_item_prototype_name_1052', '1', '1', 'FB'), ('515', '1053', 't_item_prototype_name_1053', '1', '1', 'FB'), ('516', '1054', 't_item_prototype_name_1054', '1', '1', 'FB'), ('517', '1055', 't_item_prototype_name_1055', '1', '1', 'FB'), ('518', '1056', 't_item_prototype_name_1056', '1', '1', 'FB'), ('519', '1057', 't_item_prototype_name_1057', '1', '1', 'FB'), ('520', '1058', 't_item_prototype_name_1058', '1', '1', 'FB'), ('521', '1059', 't_item_prototype_name_1059', '1', '1', 'FB'), ('522', '1060', 't_item_prototype_name_1060', '1', '1', 'FB'), ('523', '1061', 't_item_prototype_name_1061', '1', '1', 'FB'), ('524', '1062', 't_item_prototype_name_1062', '1', '1', 'FB'), ('525', '1063', 't_item_prototype_name_1063', '1', '1', 'FB'), ('526', '1064', 't_item_prototype_name_1064', '1', '1', 'FB'), ('527', '1065', 't_item_prototype_name_1065', '1', '1', 'FB'), ('528', '1066', 't_item_prototype_name_1066', '1', '1', 'FB'), ('529', '1067', 't_item_prototype_name_1067', '1', '1', 'FB'), ('530', '1068', 't_item_prototype_name_1068', '1', '1', 'FB'), ('531', '1069', 't_item_prototype_name_1069', '1', '1', 'FB'), ('532', '1070', 't_item_prototype_name_1070', '1', '1', 'FB'), ('533', '1071', 't_item_prototype_name_1071', '1', '1', 'FB'), ('534', '1072', 't_item_prototype_name_1072', '1', '1', 'FB'), ('535', '1073', 't_item_prototype_name_1073', '1', '1', 'FB'), ('536', '1074', 't_item_prototype_name_1074', '1', '1', 'FB'), ('537', '1075', 't_item_prototype_name_1075', '1', '1', 'FB'), ('538', '1076', 't_item_prototype_name_1076', '1', '1', 'FB'), ('539', '1077', 't_item_prototype_name_1077', '1', '1', 'FB'), ('540', '1078', 't_item_prototype_name_1078', '1', '1', 'FB'), ('541', '1079', 't_item_prototype_name_1079', '1', '1', 'FB'), ('542', '1080', 't_item_prototype_name_1080', '1', '1', 'FB'), ('543', '1081', 't_item_prototype_name_1081', '1', '1', 'FB'), ('544', '1082', 't_item_prototype_name_1082', '1', '1', 'FB'), ('545', '1083', 't_item_prototype_name_1083', '1', '1', 'FB'), ('546', '1084', 't_item_prototype_name_1084', '1', '1', 'FB'), ('547', '1085', 't_item_prototype_name_1085', '1', '1', 'FB'), ('548', '1086', 't_item_prototype_name_1086', '1', '1', 'FB'), ('549', '1087', 't_item_prototype_name_1087', '1', '1', 'FB'), ('550', '1088', 't_item_prototype_name_1088', '1', '1', 'FB'), ('551', '10010', 't_item_prototype_name_10010', '1', '1', 'FB'), ('552', '10020', 't_item_prototype_name_10020', '1', '1', 'FB'), ('553', '10030', 't_item_prototype_name_10030', '1', '1', 'FB'), ('554', '10040', 't_item_prototype_name_10040', '1', '1', 'FB'), ('555', '10050', 't_item_prototype_name_10050', '1', '1', 'FB'), ('556', '10060', 't_item_prototype_name_10060', '1', '1', 'FB'), ('557', '10070', 't_item_prototype_name_10070', '1', '1', 'FB'), ('558', '10080', 't_item_prototype_name_10080', '1', '1', 'FB'), ('559', '10090', 't_item_prototype_name_10090', '1', '1', 'FB'), ('560', '10100', 't_item_prototype_name_10100', '1', '1', 'FB'), ('561', '10110', 't_item_prototype_name_10110', '1', '1', 'FB'), ('562', '10120', 't_item_prototype_name_10120', '1', '1', 'FB'), ('563', '10130', 't_item_prototype_name_10130', '1', '1', 'FB'), ('564', '10140', 't_item_prototype_name_10140', '1', '1', 'FB'), ('565', '10150', 't_item_prototype_name_10150', '1', '1', 'FB'), ('566', '10160', 't_item_prototype_name_10160', '1', '1', 'FB'), ('567', '10170', 't_item_prototype_name_10170', '1', '1', 'FB'), ('568', '10180', 't_item_prototype_name_10180', '1', '1', 'FB'), ('569', '10190', 't_item_prototype_name_10190', '1', '1', 'FB'), ('570', '10200', 't_item_prototype_name_10200', '1', '1', 'FB'), ('571', '10210', 't_item_prototype_name_10210', '1', '1', 'FB'), ('572', '10220', 't_item_prototype_name_10220', '1', '1', 'FB'), ('573', '10230', 't_item_prototype_name_10230', '1', '1', 'FB'), ('574', '10240', 't_item_prototype_name_10240', '1', '1', 'FB'), ('575', '10250', 't_item_prototype_name_10250', '1', '1', 'FB'), ('576', '10260', 't_item_prototype_name_10260', '1', '1', 'FB'), ('577', '10270', 't_item_prototype_name_10270', '1', '1', 'FB'), ('578', '10280', 't_item_prototype_name_10280', '1', '1', 'FB'), ('579', '10290', 't_item_prototype_name_10290', '1', '1', 'FB'), ('580', '10300', 't_item_prototype_name_10300', '1', '1', 'FB'), ('581', '10310', 't_item_prototype_name_10310', '1', '1', 'FB'), ('582', '10320', 't_item_prototype_name_10320', '1', '1', 'FB'), ('583', '10330', 't_item_prototype_name_10330', '1', '1', 'FB'), ('584', '10340', 't_item_prototype_name_10340', '1', '1', 'FB'), ('585', '10350', 't_item_prototype_name_10350', '1', '1', 'FB'), ('586', '10360', 't_item_prototype_name_10360', '1', '1', 'FB'), ('587', '10370', 't_item_prototype_name_10370', '1', '1', 'FB'), ('588', '10380', 't_item_prototype_name_10380', '1', '1', 'FB'), ('589', '10390', 't_item_prototype_name_10390', '1', '1', 'FB'), ('590', '10400', 't_item_prototype_name_10400', '1', '1', 'FB'), ('591', '10410', 't_item_prototype_name_10410', '1', '1', 'FB'), ('592', '10420', 't_item_prototype_name_10420', '1', '1', 'FB'), ('593', '10430', 't_item_prototype_name_10430', '1', '1', 'FB'), ('594', '10440', 't_item_prototype_name_10440', '1', '1', 'FB'), ('595', '10450', 't_item_prototype_name_10450', '1', '1', 'FB'), ('596', '10460', 't_item_prototype_name_10460', '1', '1', 'FB'), ('597', '10470', 't_item_prototype_name_10470', '1', '1', 'FB'), ('598', '10480', 't_item_prototype_name_10480', '1', '1', 'FB'), ('599', '10490', 't_item_prototype_name_10490', '1', '1', 'FB'), ('600', '10500', 't_item_prototype_name_10500', '1', '1', 'FB'), ('601', '10510', 't_item_prototype_name_10510', '1', '1', 'FB'), ('602', '10520', 't_item_prototype_name_10520', '1', '1', 'FB'), ('603', '10530', 't_item_prototype_name_10530', '1', '1', 'FB'), ('604', '10540', 't_item_prototype_name_10540', '1', '1', 'FB'), ('605', '10550', 't_item_prototype_name_10550', '1', '1', 'FB'), ('606', '10560', 't_item_prototype_name_10560', '1', '1', 'FB'), ('607', '10570', 't_item_prototype_name_10570', '1', '1', 'FB'), ('608', '10580', 't_item_prototype_name_10580', '1', '1', 'FB'), ('609', '10590', 't_item_prototype_name_10590', '1', '1', 'FB'), ('610', '10600', 't_item_prototype_name_10600', '1', '1', 'FB'), ('611', '10610', 't_item_prototype_name_10610', '1', '1', 'FB'), ('612', '10620', 't_item_prototype_name_10620', '1', '1', 'FB'), ('613', '10630', 't_item_prototype_name_10630', '1', '1', 'FB'), ('614', '10640', 't_item_prototype_name_10640', '1', '1', 'FB'), ('615', '10650', 't_item_prototype_name_10650', '1', '1', 'FB'), ('616', '10660', 't_item_prototype_name_10660', '1', '1', 'FB'), ('617', '10670', 't_item_prototype_name_10670', '1', '1', 'FB'), ('618', '10680', 't_item_prototype_name_10680', '1', '1', 'FB'), ('619', '10690', 't_item_prototype_name_10690', '1', '1', 'FB'), ('620', '10700', 't_item_prototype_name_10700', '1', '1', 'FB'), ('621', '10710', 't_item_prototype_name_10710', '1', '1', 'FB'), ('622', '10720', 't_item_prototype_name_10720', '1', '1', 'FB'), ('623', '10730', 't_item_prototype_name_10730', '1', '1', 'FB'), ('624', '10740', 't_item_prototype_name_10740', '1', '1', 'FB'), ('625', '10750', 't_item_prototype_name_10750', '1', '1', 'FB'), ('626', '10760', 't_item_prototype_name_10760', '1', '1', 'FB'), ('627', '10770', 't_item_prototype_name_10770', '1', '1', 'FB'), ('628', '10780', 't_item_prototype_name_10780', '1', '1', 'FB'), ('629', '10790', 't_item_prototype_name_10790', '1', '1', 'FB'), ('630', '10800', 't_item_prototype_name_10800', '1', '1', 'FB'), ('631', '101600', 't_item_prototype_name_1016', '1', '1', 'FB'), ('632', '105000', 't_item_prototype_name_1050', '1', '1', 'FB'), ('633', '100100', 't_item_prototype_name_1001', '1', '1', 'FB'), ('634', '100800', 't_item_prototype_name_1008', '1', '1', 'FB'), ('635', '102000', 't_item_prototype_name_1020', '1', '1', 'FB'), ('636', '102700', 't_item_prototype_name_1027', '1', '1', 'FB'), ('637', '103600', 't_item_prototype_name_1036', '1', '1', 'FB'), ('638', '102500', 't_item_prototype_name_1025', '1', '1', 'FB'), ('639', '104500', 't_item_prototype_name_1045', '1', '1', 'FB'), ('640', '104000', 't_item_prototype_name_1040', '1', '1', 'FB'), ('641', '1', 't_item_prototype_name_1', '1', '2', 'KUN'), ('642', '2', 't_item_prototype_name_2', '1', '2', 'KUN'), ('643', '3', 't_item_prototype_name_3', '1', '2', 'KUN'), ('644', '4', 't_item_prototype_name_4', '1', '2', 'KUN'), ('645', '5', 't_item_prototype_name_5', '1', '2', 'KUN'), ('646', '6', 't_item_prototype_name_6', '1', '2', 'KUN'), ('647', '12', 't_item_prototype_name_12', '1', '2', 'KUN'), ('648', '13', 't_item_prototype_name_13', '1', '2', 'KUN'), ('649', '14', 't_item_prototype_name_14', '1', '2', 'KUN'), ('650', '15', 't_item_prototype_name_15', '1', '2', 'KUN'), ('651', '16', 't_item_prototype_name_16', '1', '2', 'KUN'), ('652', '17', 't_item_prototype_name_17', '1', '2', 'KUN'), ('653', '18', 't_item_prototype_name_18', '1', '2', 'KUN'), ('654', '19', 't_item_prototype_name_19', '1', '2', 'KUN'), ('655', '20', 't_item_prototype_name_20', '1', '2', 'KUN'), ('656', '21', 't_item_prototype_name_21', '1', '2', 'KUN'), ('657', '22', 't_item_prototype_name_22', '1', '2', 'KUN'), ('658', '23', 't_item_prototype_name_23', '1', '2', 'KUN'), ('659', '99', 't_item_prototype_name_99', '1', '2', 'KUN'), ('660', '100', 't_item_prototype_name_100', '1', '2', 'KUN'), ('661', '101', 't_item_prototype_name_101', '1', '2', 'KUN'), ('662', '102', 't_item_prototype_name_102', '1', '2', 'KUN'), ('663', '103', 't_item_prototype_name_103', '1', '2', 'KUN'), ('664', '104', 't_item_prototype_name_104', '1', '2', 'KUN'), ('665', '105', 't_item_prototype_name_105', '1', '2', 'KUN'), ('666', '106', 't_item_prototype_name_106', '1', '2', 'KUN'), ('667', '107', 't_item_prototype_name_107', '1', '2', 'KUN'), ('668', '108', 't_item_prototype_name_108', '1', '2', 'KUN'), ('669', '109', 't_item_prototype_name_109', '1', '2', 'KUN'), ('670', '110', 't_item_prototype_name_110', '1', '2', 'KUN'), ('671', '111', 't_item_prototype_name_111', '1', '2', 'KUN'), ('672', '112', 't_item_prototype_name_112', '1', '2', 'KUN'), ('673', '113', 't_item_prototype_name_113', '1', '2', 'KUN'), ('674', '114', 't_item_prototype_name_114', '1', '2', 'KUN'), ('675', '115', 't_item_prototype_name_115', '1', '2', 'KUN'), ('676', '116', 't_item_prototype_name_116', '1', '2', 'KUN'), ('677', '117', 't_item_prototype_name_117', '1', '2', 'KUN'), ('678', '118', 't_item_prototype_name_118', '1', '2', 'KUN'), ('679', '119', 't_item_prototype_name_119', '1', '2', 'KUN'), ('680', '120', 't_item_prototype_name_120', '1', '2', 'KUN'), ('681', '121', 't_item_prototype_name_121', '1', '2', 'KUN'), ('682', '122', 't_item_prototype_name_122', '1', '2', 'KUN'), ('683', '123', 't_item_prototype_name_123', '1', '2', 'KUN'), ('684', '124', 't_item_prototype_name_124', '1', '2', 'KUN'), ('685', '125', 't_item_prototype_name_125', '1', '2', 'KUN'), ('686', '126', 't_item_prototype_name_126', '1', '2', 'KUN'), ('687', '127', 't_item_prototype_name_127', '1', '2', 'KUN'), ('688', '128', 't_item_prototype_name_128', '1', '2', 'KUN'), ('689', '129', 't_item_prototype_name_129', '1', '2', 'KUN'), ('690', '130', 't_item_prototype_name_130', '1', '2', 'KUN'), ('691', '131', 't_item_prototype_name_131', '1', '2', 'KUN'), ('692', '132', 't_item_prototype_name_132', '1', '2', 'KUN'), ('693', '133', 't_item_prototype_name_133', '1', '2', 'KUN'), ('694', '134', 't_item_prototype_name_134', '1', '2', 'KUN'), ('695', '135', 't_item_prototype_name_135', '1', '2', 'KUN'), ('696', '136', 't_item_prototype_name_136', '1', '2', 'KUN'), ('697', '137', 't_item_prototype_name_137', '1', '2', 'KUN'), ('698', '138', 't_item_prototype_name_138', '1', '2', 'KUN'), ('699', '139', 't_item_prototype_name_139', '1', '2', 'KUN'), ('700', '140', 't_item_prototype_name_140', '1', '2', 'KUN'), ('701', '141', 't_item_prototype_name_141', '1', '2', 'KUN'), ('702', '142', 't_item_prototype_name_142', '1', '2', 'KUN'), ('703', '143', 't_item_prototype_name_143', '1', '2', 'KUN'), ('704', '144', 't_item_prototype_name_144', '1', '2', 'KUN'), ('705', '145', 't_item_prototype_name_145', '1', '2', 'KUN'), ('706', '146', 't_item_prototype_name_146', '1', '2', 'KUN'), ('707', '147', 't_item_prototype_name_147', '1', '2', 'KUN'), ('708', '148', 't_item_prototype_name_148', '1', '2', 'KUN'), ('709', '149', 't_item_prototype_name_149', '1', '2', 'KUN'), ('710', '150', 't_item_prototype_name_150', '1', '2', 'KUN'), ('711', '151', 't_item_prototype_name_151', '1', '2', 'KUN'), ('712', '152', 't_item_prototype_name_152', '1', '2', 'KUN'), ('713', '153', 't_item_prototype_name_153', '1', '2', 'KUN'), ('714', '154', 't_item_prototype_name_154', '1', '2', 'KUN'), ('715', '155', 't_item_prototype_name_155', '1', '2', 'KUN'), ('716', '156', 't_item_prototype_name_156', '1', '2', 'KUN'), ('717', '157', 't_item_prototype_name_157', '1', '2', 'KUN'), ('718', '158', 't_item_prototype_name_158', '1', '2', 'KUN'), ('719', '159', 't_item_prototype_name_159', '1', '2', 'KUN'), ('720', '160', 't_item_prototype_name_160', '1', '2', 'KUN'), ('721', '161', 't_item_prototype_name_161', '1', '2', 'KUN'), ('722', '162', 't_item_prototype_name_162', '1', '2', 'KUN'), ('723', '163', 't_item_prototype_name_163', '1', '2', 'KUN'), ('724', '164', 't_item_prototype_name_164', '1', '2', 'KUN'), ('725', '165', 't_item_prototype_name_165', '1', '2', 'KUN'), ('726', '166', 't_item_prototype_name_166', '1', '2', 'KUN'), ('727', '167', 't_item_prototype_name_167', '1', '2', 'KUN'), ('728', '168', 't_item_prototype_name_168', '1', '2', 'KUN'), ('729', '169', 't_item_prototype_name_169', '1', '2', 'KUN'), ('730', '170', 't_item_prototype_name_170', '1', '2', 'KUN'), ('731', '171', 't_item_prototype_name_171', '1', '2', 'KUN'), ('732', '172', 't_item_prototype_name_172', '1', '2', 'KUN'), ('733', '173', 't_item_prototype_name_173', '1', '2', 'KUN'), ('734', '174', 't_item_prototype_name_174', '1', '2', 'KUN'), ('735', '175', 't_item_prototype_name_175', '1', '2', 'KUN'), ('736', '176', 't_item_prototype_name_176', '1', '2', 'KUN'), ('737', '177', 't_item_prototype_name_177', '1', '2', 'KUN'), ('738', '178', 't_item_prototype_name_178', '1', '2', 'KUN'), ('739', '179', 't_item_prototype_name_179', '1', '2', 'KUN'), ('740', '180', 't_item_prototype_name_180', '1', '2', 'KUN'), ('741', '181', 't_item_prototype_name_181', '1', '2', 'KUN'), ('742', '182', 't_item_prototype_name_182', '1', '2', 'KUN'), ('743', '183', 't_item_prototype_name_183', '1', '2', 'KUN'), ('744', '184', 't_item_prototype_name_184', '1', '2', 'KUN'), ('745', '185', 't_item_prototype_name_185', '1', '2', 'KUN'), ('746', '186', 't_item_prototype_name_186', '1', '2', 'KUN'), ('747', '187', 't_item_prototype_name_187', '1', '2', 'KUN'), ('748', '188', 't_item_prototype_name_188', '1', '2', 'KUN'), ('749', '189', 't_item_prototype_name_189', '1', '2', 'KUN'), ('750', '190', 't_item_prototype_name_190', '1', '2', 'KUN'), ('751', '191', 't_item_prototype_name_191', '1', '2', 'KUN'), ('752', '192', 't_item_prototype_name_192', '1', '2', 'KUN'), ('753', '193', 't_item_prototype_name_193', '1', '2', 'KUN'), ('754', '194', 't_item_prototype_name_194', '1', '2', 'KUN'), ('755', '195', 't_item_prototype_name_195', '1', '2', 'KUN'), ('756', '196', 't_item_prototype_name_196', '1', '2', 'KUN'), ('757', '197', 't_item_prototype_name_197', '1', '2', 'KUN'), ('758', '198', 't_item_prototype_name_198', '1', '2', 'KUN'), ('759', '199', 't_item_prototype_name_199', '1', '2', 'KUN'), ('760', '200', 't_item_prototype_name_200', '1', '2', 'KUN'), ('761', '201', 't_item_prototype_name_201', '1', '2', 'KUN'), ('762', '202', 't_item_prototype_name_202', '1', '2', 'KUN'), ('763', '203', 't_item_prototype_name_203', '1', '2', 'KUN'), ('764', '204', 't_item_prototype_name_204', '1', '2', 'KUN'), ('765', '205', 't_item_prototype_name_205', '1', '2', 'KUN'), ('766', '206', 't_item_prototype_name_206', '1', '2', 'KUN'), ('767', '207', 't_item_prototype_name_207', '1', '2', 'KUN'), ('768', '208', 't_item_prototype_name_208', '1', '2', 'KUN'), ('769', '209', 't_item_prototype_name_209', '1', '2', 'KUN'), ('770', '210', 't_item_prototype_name_210', '1', '2', 'KUN'), ('771', '211', 't_item_prototype_name_211', '1', '2', 'KUN'), ('772', '212', 't_item_prototype_name_212', '1', '2', 'KUN'), ('773', '213', 't_item_prototype_name_213', '1', '2', 'KUN'), ('774', '214', 't_item_prototype_name_214', '1', '2', 'KUN'), ('775', '215', 't_item_prototype_name_215', '1', '2', 'KUN'), ('776', '216', 't_item_prototype_name_216', '1', '2', 'KUN'), ('777', '217', 't_item_prototype_name_217', '1', '2', 'KUN'), ('778', '218', 't_item_prototype_name_218', '1', '2', 'KUN'), ('779', '219', 't_item_prototype_name_219', '1', '2', 'KUN'), ('780', '220', 't_item_prototype_name_220', '1', '2', 'KUN'), ('781', '221', 't_item_prototype_name_221', '1', '2', 'KUN'), ('782', '222', 't_item_prototype_name_222', '1', '2', 'KUN'), ('783', '223', 't_item_prototype_name_223', '1', '2', 'KUN'), ('784', '224', 't_item_prototype_name_224', '1', '2', 'KUN'), ('785', '225', 't_item_prototype_name_225', '1', '2', 'KUN'), ('786', '226', 't_item_prototype_name_226', '1', '2', 'KUN'), ('787', '227', 't_item_prototype_name_227', '1', '2', 'KUN'), ('788', '228', 't_item_prototype_name_228', '1', '2', 'KUN'), ('789', '229', 't_item_prototype_name_229', '1', '2', 'KUN'), ('790', '230', 't_item_prototype_name_230', '1', '2', 'KUN'), ('791', '231', 't_item_prototype_name_231', '1', '2', 'KUN'), ('792', '232', 't_item_prototype_name_232', '1', '2', 'KUN'), ('793', '233', 't_item_prototype_name_233', '1', '2', 'KUN'), ('794', '234', 't_item_prototype_name_234', '1', '2', 'KUN'), ('795', '235', 't_item_prototype_name_235', '1', '2', 'KUN'), ('796', '236', 't_item_prototype_name_236', '1', '2', 'KUN'), ('797', '248', 't_item_prototype_name_248', '1', '2', 'KUN'), ('798', '254', 't_item_prototype_name_254', '1', '2', 'KUN'), ('799', '256', 't_item_prototype_name_256', '1', '2', 'KUN'), ('800', '328', 't_item_prototype_name_328', '1', '2', 'KUN'), ('801', '329', 't_item_prototype_name_329', '1', '2', 'KUN'), ('802', '330', 't_item_prototype_name_330', '1', '2', 'KUN'), ('803', '331', 't_item_prototype_name_331', '1', '2', 'KUN'), ('804', '332', 't_item_prototype_name_332', '1', '2', 'KUN'), ('805', '333', 't_item_prototype_name_333', '1', '2', 'KUN'), ('806', '334', 't_item_prototype_name_334', '1', '2', 'KUN'), ('807', '335', 't_item_prototype_name_335', '1', '2', 'KUN'), ('808', '336', 't_item_prototype_name_336', '1', '2', 'KUN'), ('809', '337', 't_item_prototype_name_337', '1', '2', 'KUN'), ('810', '338', 't_item_prototype_name_338', '1', '2', 'KUN'), ('811', '339', 't_item_prototype_name_339', '1', '2', 'KUN'), ('812', '340', 't_item_prototype_name_340', '1', '2', 'KUN'), ('813', '341', 't_item_prototype_name_341', '1', '2', 'KUN'), ('814', '342', 't_item_prototype_name_342', '1', '2', 'KUN'), ('815', '343', 't_item_prototype_name_343', '1', '2', 'KUN'), ('816', '344', 't_item_prototype_name_344', '1', '2', 'KUN'), ('817', '345', 't_item_prototype_name_345', '1', '2', 'KUN'), ('818', '346', 't_item_prototype_name_346', '1', '2', 'KUN'), ('819', '347', 't_item_prototype_name_347', '1', '2', 'KUN'), ('820', '348', 't_item_prototype_name_348', '1', '2', 'KUN'), ('821', '349', 't_item_prototype_name_349', '1', '2', 'KUN'), ('822', '350', 't_item_prototype_name_350', '1', '2', 'KUN'), ('823', '351', 't_item_prototype_name_351', '1', '2', 'KUN'), ('824', '352', 't_item_prototype_name_352', '1', '2', 'KUN'), ('825', '353', 't_item_prototype_name_353', '1', '2', 'KUN'), ('826', '354', 't_item_prototype_name_354', '1', '2', 'KUN'), ('827', '355', 't_item_prototype_name_355', '1', '2', 'KUN'), ('828', '356', 't_item_prototype_name_356', '1', '2', 'KUN'), ('829', '357', 't_item_prototype_name_357', '1', '2', 'KUN'), ('830', '358', 't_item_prototype_name_358', '1', '2', 'KUN'), ('831', '359', 't_item_prototype_name_359', '1', '2', 'KUN'), ('832', '360', 't_item_prototype_name_360', '1', '2', 'KUN'), ('833', '361', 't_item_prototype_name_361', '1', '2', 'KUN'), ('834', '362', 't_item_prototype_name_362', '1', '2', 'KUN'), ('835', '363', 't_item_prototype_name_363', '1', '2', 'KUN'), ('836', '364', 't_item_prototype_name_364', '1', '2', 'KUN'), ('837', '365', 't_item_prototype_name_365', '1', '2', 'KUN'), ('838', '366', 't_item_prototype_name_366', '1', '2', 'KUN'), ('839', '367', 't_item_prototype_name_367', '1', '2', 'KUN'), ('840', '368', 't_item_prototype_name_368', '1', '2', 'KUN'), ('841', '369', 't_item_prototype_name_369', '1', '2', 'KUN'), ('842', '370', 't_item_prototype_name_370', '1', '2', 'KUN'), ('843', '371', 't_item_prototype_name_371', '1', '2', 'KUN'), ('844', '372', 't_item_prototype_name_372', '1', '2', 'KUN'), ('845', '373', 't_item_prototype_name_373', '1', '2', 'KUN'), ('846', '374', 't_item_prototype_name_374', '1', '2', 'KUN'), ('847', '375', 't_item_prototype_name_375', '1', '2', 'KUN'), ('848', '376', 't_item_prototype_name_376', '1', '2', 'KUN'), ('849', '377', 't_item_prototype_name_377', '1', '2', 'KUN'), ('850', '378', 't_item_prototype_name_378', '1', '2', 'KUN'), ('851', '379', 't_item_prototype_name_379', '1', '2', 'KUN'), ('852', '380', 't_item_prototype_name_380', '1', '2', 'KUN'), ('853', '381', 't_item_prototype_name_381', '1', '2', 'KUN'), ('854', '382', 't_item_prototype_name_382', '1', '2', 'KUN'), ('855', '383', 't_item_prototype_name_383', '1', '2', 'KUN'), ('856', '384', 't_item_prototype_name_384', '1', '2', 'KUN'), ('857', '385', 't_item_prototype_name_385', '1', '2', 'KUN'), ('858', '386', 't_item_prototype_name_386', '1', '2', 'KUN'), ('859', '387', 't_item_prototype_name_387', '1', '2', 'KUN'), ('860', '388', 't_item_prototype_name_388', '1', '2', 'KUN'), ('861', '389', 't_item_prototype_name_389', '1', '2', 'KUN'), ('862', '390', 't_item_prototype_name_390', '1', '2', 'KUN'), ('863', '391', 't_item_prototype_name_391', '1', '2', 'KUN'), ('864', '392', 't_item_prototype_name_392', '1', '2', 'KUN'), ('865', '393', 't_item_prototype_name_393', '1', '2', 'KUN'), ('866', '394', 't_item_prototype_name_394', '1', '2', 'KUN'), ('867', '395', 't_item_prototype_name_395', '1', '2', 'KUN'), ('868', '396', 't_item_prototype_name_396', '1', '2', 'KUN'), ('869', '397', 't_item_prototype_name_397', '1', '2', 'KUN'), ('870', '398', 't_item_prototype_name_398', '1', '2', 'KUN'), ('871', '399', 't_item_prototype_name_399', '1', '2', 'KUN'), ('872', '400', 't_item_prototype_name_400', '1', '2', 'KUN'), ('873', '401', 't_item_prototype_name_401', '1', '2', 'KUN'), ('874', '402', 't_item_prototype_name_402', '1', '2', 'KUN'), ('875', '403', 't_item_prototype_name_403', '1', '2', 'KUN'), ('876', '404', 't_item_prototype_name_404', '1', '2', 'KUN'), ('877', '405', 't_item_prototype_name_405', '1', '2', 'KUN'), ('878', '406', 't_item_prototype_name_406', '1', '2', 'KUN'), ('879', '407', 't_item_prototype_name_407', '1', '2', 'KUN'), ('880', '408', 't_item_prototype_name_408', '1', '2', 'KUN'), ('881', '409', 't_item_prototype_name_409', '1', '2', 'KUN'), ('882', '410', 't_item_prototype_name_410', '1', '2', 'KUN'), ('883', '411', 't_item_prototype_name_411', '1', '2', 'KUN'), ('884', '412', 't_item_prototype_name_412', '1', '2', 'KUN'), ('885', '413', 't_item_prototype_name_413', '1', '2', 'KUN'), ('886', '414', 't_item_prototype_name_414', '1', '2', 'KUN'), ('887', '415', 't_item_prototype_name_415', '1', '2', 'KUN'), ('888', '416', 't_item_prototype_name_416', '1', '2', 'KUN'), ('889', '417', 't_item_prototype_name_417', '1', '2', 'KUN'), ('890', '418', 't_item_prototype_name_418', '1', '2', 'KUN'), ('891', '419', 't_item_prototype_name_419', '1', '2', 'KUN'), ('892', '420', 't_item_prototype_name_420', '1', '2', 'KUN'), ('893', '421', 't_item_prototype_name_421', '1', '2', 'KUN'), ('894', '422', 't_item_prototype_name_422', '1', '2', 'KUN'), ('895', '423', 't_item_prototype_name_423', '1', '2', 'KUN'), ('896', '424', 't_item_prototype_name_424', '1', '2', 'KUN'), ('897', '425', 't_item_prototype_name_425', '1', '2', 'KUN'), ('898', '426', 't_item_prototype_name_426', '1', '2', 'KUN'), ('899', '427', 't_item_prototype_name_427', '1', '2', 'KUN'), ('900', '428', 't_item_prototype_name_428', '1', '2', 'KUN'), ('901', '429', 't_item_prototype_name_429', '1', '2', 'KUN'), ('902', '430', 't_item_prototype_name_430', '1', '2', 'KUN'), ('903', '431', 't_item_prototype_name_431', '1', '2', 'KUN'), ('904', '432', 't_item_prototype_name_432', '1', '2', 'KUN'), ('905', '433', 't_item_prototype_name_433', '1', '2', 'KUN'), ('906', '434', 't_item_prototype_name_434', '1', '2', 'KUN'), ('907', '435', 't_item_prototype_name_435', '1', '2', 'KUN'), ('908', '436', 't_item_prototype_name_436', '1', '2', 'KUN'), ('909', '437', 't_item_prototype_name_437', '1', '2', 'KUN'), ('910', '438', 't_item_prototype_name_438', '1', '2', 'KUN'), ('911', '439', 't_item_prototype_name_439', '1', '2', 'KUN'), ('912', '440', 't_item_prototype_name_440', '1', '2', 'KUN'), ('913', '441', 't_item_prototype_name_441', '1', '2', 'KUN'), ('914', '442', 't_item_prototype_name_442', '1', '2', 'KUN'), ('915', '443', 't_item_prototype_name_443', '1', '2', 'KUN'), ('916', '444', 't_item_prototype_name_444', '1', '2', 'KUN'), ('917', '445', 't_item_prototype_name_445', '1', '2', 'KUN'), ('918', '446', 't_item_prototype_name_446', '1', '2', 'KUN'), ('919', '447', 't_item_prototype_name_447', '1', '2', 'KUN'), ('920', '448', 't_item_prototype_name_448', '1', '2', 'KUN'), ('921', '449', 't_item_prototype_name_449', '1', '2', 'KUN'), ('922', '450', 't_item_prototype_name_450', '1', '2', 'KUN'), ('923', '451', 't_item_prototype_name_451', '1', '2', 'KUN'), ('924', '452', 't_item_prototype_name_452', '1', '2', 'KUN'), ('925', '453', 't_item_prototype_name_453', '1', '2', 'KUN'), ('926', '454', 't_item_prototype_name_454', '1', '2', 'KUN'), ('927', '455', 't_item_prototype_name_455', '1', '2', 'KUN'), ('928', '456', 't_item_prototype_name_456', '1', '2', 'KUN'), ('929', '457', 't_item_prototype_name_457', '1', '2', 'KUN'), ('930', '458', 't_item_prototype_name_458', '1', '2', 'KUN'), ('931', '459', 't_item_prototype_name_459', '1', '2', 'KUN'), ('932', '460', 't_item_prototype_name_460', '1', '2', 'KUN'), ('933', '461', 't_item_prototype_name_461', '1', '2', 'KUN'), ('934', '462', 't_item_prototype_name_462', '1', '2', 'KUN'), ('935', '463', 't_item_prototype_name_463', '1', '2', 'KUN'), ('936', '464', 't_item_prototype_name_464', '1', '2', 'KUN'), ('937', '465', 't_item_prototype_name_465', '1', '2', 'KUN'), ('938', '466', 't_item_prototype_name_466', '1', '2', 'KUN'), ('939', '467', 't_item_prototype_name_467', '1', '2', 'KUN'), ('940', '468', 't_item_prototype_name_468', '1', '2', 'KUN'), ('941', '469', 't_item_prototype_name_469', '1', '2', 'KUN'), ('942', '470', 't_item_prototype_name_470', '1', '2', 'KUN'), ('943', '471', 't_item_prototype_name_471', '1', '2', 'KUN'), ('944', '472', 't_item_prototype_name_472', '1', '2', 'KUN'), ('945', '473', 't_item_prototype_name_473', '1', '2', 'KUN'), ('946', '474', 't_item_prototype_name_474', '1', '2', 'KUN'), ('947', '475', 't_item_prototype_name_475', '1', '2', 'KUN'), ('948', '476', 't_item_prototype_name_476', '1', '2', 'KUN'), ('949', '477', 't_item_prototype_name_477', '1', '2', 'KUN'), ('950', '478', 't_item_prototype_name_478', '1', '2', 'KUN'), ('951', '479', 't_item_prototype_name_479', '1', '2', 'KUN'), ('952', '480', 't_item_prototype_name_480', '1', '2', 'KUN'), ('953', '481', 't_item_prototype_name_481', '1', '2', 'KUN'), ('954', '482', 't_item_prototype_name_482', '1', '2', 'KUN'), ('955', '483', 't_item_prototype_name_483', '1', '2', 'KUN'), ('956', '484', 't_item_prototype_name_484', '1', '2', 'KUN'), ('957', '485', 't_item_prototype_name_485', '1', '2', 'KUN'), ('958', '486', 't_item_prototype_name_486', '1', '2', 'KUN'), ('959', '487', 't_item_prototype_name_487', '1', '2', 'KUN'), ('960', '488', 't_item_prototype_name_488', '1', '2', 'KUN'), ('961', '489', 't_item_prototype_name_489', '1', '2', 'KUN'), ('962', '490', 't_item_prototype_name_490', '1', '2', 'KUN'), ('963', '491', 't_item_prototype_name_491', '1', '2', 'KUN'), ('964', '492', 't_item_prototype_name_492', '1', '2', 'KUN'), ('965', '493', 't_item_prototype_name_493', '1', '2', 'KUN'), ('966', '494', 't_item_prototype_name_494', '1', '2', 'KUN'), ('967', '495', 't_item_prototype_name_495', '1', '2', 'KUN'), ('968', '496', 't_item_prototype_name_496', '1', '2', 'KUN'), ('969', '497', 't_item_prototype_name_497', '1', '2', 'KUN'), ('970', '498', 't_item_prototype_name_498', '1', '2', 'KUN'), ('971', '499', 't_item_prototype_name_499', '1', '2', 'KUN'), ('972', '500', 't_item_prototype_name_500', '1', '2', 'KUN'), ('973', '501', 't_item_prototype_name_501', '1', '2', 'KUN'), ('974', '502', 't_item_prototype_name_502', '1', '2', 'KUN'), ('975', '503', 't_item_prototype_name_503', '1', '2', 'KUN'), ('976', '1001', 't_item_prototype_name_1001', '1', '2', 'KUN'), ('977', '1002', 't_item_prototype_name_1002', '1', '2', 'KUN'), ('978', '1003', 't_item_prototype_name_1003', '1', '2', 'KUN'), ('979', '1004', 't_item_prototype_name_1004', '1', '2', 'KUN'), ('980', '1005', 't_item_prototype_name_1005', '1', '2', 'KUN'), ('981', '1006', 't_item_prototype_name_1006', '1', '2', 'KUN'), ('982', '1007', 't_item_prototype_name_1007', '1', '2', 'KUN'), ('983', '1008', 't_item_prototype_name_1008', '1', '2', 'KUN'), ('984', '1009', 't_item_prototype_name_1009', '1', '2', 'KUN'), ('985', '1010', 't_item_prototype_name_1010', '1', '2', 'KUN'), ('986', '1011', 't_item_prototype_name_1011', '1', '2', 'KUN'), ('987', '1012', 't_item_prototype_name_1012', '1', '2', 'KUN'), ('988', '1013', 't_item_prototype_name_1013', '1', '2', 'KUN'), ('989', '1014', 't_item_prototype_name_1014', '1', '2', 'KUN'), ('990', '1015', 't_item_prototype_name_1015', '1', '2', 'KUN'), ('991', '1016', 't_item_prototype_name_1016', '1', '2', 'KUN'), ('992', '1017', 't_item_prototype_name_1017', '1', '2', 'KUN'), ('993', '1018', 't_item_prototype_name_1018', '1', '2', 'KUN'), ('994', '1019', 't_item_prototype_name_1019', '1', '2', 'KUN'), ('995', '1020', 't_item_prototype_name_1020', '1', '2', 'KUN'), ('996', '1021', 't_item_prototype_name_1021', '1', '2', 'KUN'), ('997', '1022', 't_item_prototype_name_1022', '1', '2', 'KUN'), ('998', '1023', 't_item_prototype_name_1023', '1', '2', 'KUN'), ('999', '1024', 't_item_prototype_name_1024', '1', '2', 'KUN'), ('1000', '1025', 't_item_prototype_name_1025', '1', '2', 'KUN'), ('1001', '1026', 't_item_prototype_name_1026', '1', '2', 'KUN'), ('1002', '1027', 't_item_prototype_name_1027', '1', '2', 'KUN'), ('1003', '1028', 't_item_prototype_name_1028', '1', '2', 'KUN'), ('1004', '1029', 't_item_prototype_name_1029', '1', '2', 'KUN'), ('1005', '1030', 't_item_prototype_name_1030', '1', '2', 'KUN'), ('1006', '1031', 't_item_prototype_name_1031', '1', '2', 'KUN'), ('1007', '1032', 't_item_prototype_name_1032', '1', '2', 'KUN'), ('1008', '1033', 't_item_prototype_name_1033', '1', '2', 'KUN'), ('1009', '1034', 't_item_prototype_name_1034', '1', '2', 'KUN'), ('1010', '1035', 't_item_prototype_name_1035', '1', '2', 'KUN'), ('1011', '1036', 't_item_prototype_name_1036', '1', '2', 'KUN'), ('1012', '1037', 't_item_prototype_name_1037', '1', '2', 'KUN'), ('1013', '1038', 't_item_prototype_name_1038', '1', '2', 'KUN'), ('1014', '1039', 't_item_prototype_name_1039', '1', '2', 'KUN'), ('1015', '1040', 't_item_prototype_name_1040', '1', '2', 'KUN'), ('1016', '1041', 't_item_prototype_name_1041', '1', '2', 'KUN'), ('1017', '1042', 't_item_prototype_name_1042', '1', '2', 'KUN'), ('1018', '1043', 't_item_prototype_name_1043', '1', '2', 'KUN'), ('1019', '1044', 't_item_prototype_name_1044', '1', '2', 'KUN'), ('1020', '1045', 't_item_prototype_name_1045', '1', '2', 'KUN'), ('1021', '1046', 't_item_prototype_name_1046', '1', '2', 'KUN'), ('1022', '1047', 't_item_prototype_name_1047', '1', '2', 'KUN'), ('1023', '1048', 't_item_prototype_name_1048', '1', '2', 'KUN'), ('1024', '1049', 't_item_prototype_name_1049', '1', '2', 'KUN'), ('1025', '1050', 't_item_prototype_name_1050', '1', '2', 'KUN'), ('1026', '1051', 't_item_prototype_name_1051', '1', '2', 'KUN'), ('1027', '1052', 't_item_prototype_name_1052', '1', '2', 'KUN'), ('1028', '1053', 't_item_prototype_name_1053', '1', '2', 'KUN'), ('1029', '1054', 't_item_prototype_name_1054', '1', '2', 'KUN'), ('1030', '1055', 't_item_prototype_name_1055', '1', '2', 'KUN'), ('1031', '1056', 't_item_prototype_name_1056', '1', '2', 'KUN'), ('1032', '1057', 't_item_prototype_name_1057', '1', '2', 'KUN'), ('1033', '1058', 't_item_prototype_name_1058', '1', '2', 'KUN'), ('1034', '1059', 't_item_prototype_name_1059', '1', '2', 'KUN'), ('1035', '1060', 't_item_prototype_name_1060', '1', '2', 'KUN'), ('1036', '1061', 't_item_prototype_name_1061', '1', '2', 'KUN'), ('1037', '1062', 't_item_prototype_name_1062', '1', '2', 'KUN'), ('1038', '1063', 't_item_prototype_name_1063', '1', '2', 'KUN'), ('1039', '1064', 't_item_prototype_name_1064', '1', '2', 'KUN'), ('1040', '1065', 't_item_prototype_name_1065', '1', '2', 'KUN'), ('1041', '1066', 't_item_prototype_name_1066', '1', '2', 'KUN'), ('1042', '1067', 't_item_prototype_name_1067', '1', '2', 'KUN'), ('1043', '1068', 't_item_prototype_name_1068', '1', '2', 'KUN'), ('1044', '1069', 't_item_prototype_name_1069', '1', '2', 'KUN'), ('1045', '1070', 't_item_prototype_name_1070', '1', '2', 'KUN'), ('1046', '1071', 't_item_prototype_name_1071', '1', '2', 'KUN'), ('1047', '1072', 't_item_prototype_name_1072', '1', '2', 'KUN'), ('1048', '1073', 't_item_prototype_name_1073', '1', '2', 'KUN'), ('1049', '1074', 't_item_prototype_name_1074', '1', '2', 'KUN'), ('1050', '1075', 't_item_prototype_name_1075', '1', '2', 'KUN'), ('1051', '1076', 't_item_prototype_name_1076', '1', '2', 'KUN'), ('1052', '1077', 't_item_prototype_name_1077', '1', '2', 'KUN'), ('1053', '1078', 't_item_prototype_name_1078', '1', '2', 'KUN'), ('1054', '1079', 't_item_prototype_name_1079', '1', '2', 'KUN'), ('1055', '1080', 't_item_prototype_name_1080', '1', '2', 'KUN'), ('1056', '1081', 't_item_prototype_name_1081', '1', '2', 'KUN'), ('1057', '1082', 't_item_prototype_name_1082', '1', '2', 'KUN'), ('1058', '1083', 't_item_prototype_name_1083', '1', '2', 'KUN'), ('1059', '1084', 't_item_prototype_name_1084', '1', '2', 'KUN'), ('1060', '1085', 't_item_prototype_name_1085', '1', '2', 'KUN'), ('1061', '1086', 't_item_prototype_name_1086', '1', '2', 'KUN'), ('1062', '1087', 't_item_prototype_name_1087', '1', '2', 'KUN'), ('1063', '1088', 't_item_prototype_name_1088', '1', '2', 'KUN'), ('1064', '10010', 't_item_prototype_name_10010', '1', '2', 'KUN'), ('1065', '10020', 't_item_prototype_name_10020', '1', '2', 'KUN'), ('1066', '10030', 't_item_prototype_name_10030', '1', '2', 'KUN'), ('1067', '10040', 't_item_prototype_name_10040', '1', '2', 'KUN'), ('1068', '10050', 't_item_prototype_name_10050', '1', '2', 'KUN'), ('1069', '10060', 't_item_prototype_name_10060', '1', '2', 'KUN'), ('1070', '10070', 't_item_prototype_name_10070', '1', '2', 'KUN'), ('1071', '10080', 't_item_prototype_name_10080', '1', '2', 'KUN'), ('1072', '10090', 't_item_prototype_name_10090', '1', '2', 'KUN'), ('1073', '10100', 't_item_prototype_name_10100', '1', '2', 'KUN'), ('1074', '10110', 't_item_prototype_name_10110', '1', '2', 'KUN'), ('1075', '10120', 't_item_prototype_name_10120', '1', '2', 'KUN'), ('1076', '10130', 't_item_prototype_name_10130', '1', '2', 'KUN'), ('1077', '10140', 't_item_prototype_name_10140', '1', '2', 'KUN'), ('1078', '10150', 't_item_prototype_name_10150', '1', '2', 'KUN'), ('1079', '10160', 't_item_prototype_name_10160', '1', '2', 'KUN'), ('1080', '10170', 't_item_prototype_name_10170', '1', '2', 'KUN'), ('1081', '10180', 't_item_prototype_name_10180', '1', '2', 'KUN'), ('1082', '10190', 't_item_prototype_name_10190', '1', '2', 'KUN'), ('1083', '10200', 't_item_prototype_name_10200', '1', '2', 'KUN'), ('1084', '10210', 't_item_prototype_name_10210', '1', '2', 'KUN'), ('1085', '10220', 't_item_prototype_name_10220', '1', '2', 'KUN'), ('1086', '10230', 't_item_prototype_name_10230', '1', '2', 'KUN'), ('1087', '10240', 't_item_prototype_name_10240', '1', '2', 'KUN'), ('1088', '10250', 't_item_prototype_name_10250', '1', '2', 'KUN'), ('1089', '10260', 't_item_prototype_name_10260', '1', '2', 'KUN'), ('1090', '10270', 't_item_prototype_name_10270', '1', '2', 'KUN'), ('1091', '10280', 't_item_prototype_name_10280', '1', '2', 'KUN'), ('1092', '10290', 't_item_prototype_name_10290', '1', '2', 'KUN'), ('1093', '10300', 't_item_prototype_name_10300', '1', '2', 'KUN'), ('1094', '10310', 't_item_prototype_name_10310', '1', '2', 'KUN'), ('1095', '10320', 't_item_prototype_name_10320', '1', '2', 'KUN'), ('1096', '10330', 't_item_prototype_name_10330', '1', '2', 'KUN'), ('1097', '10340', 't_item_prototype_name_10340', '1', '2', 'KUN'), ('1098', '10350', 't_item_prototype_name_10350', '1', '2', 'KUN'), ('1099', '10360', 't_item_prototype_name_10360', '1', '2', 'KUN'), ('1100', '10370', 't_item_prototype_name_10370', '1', '2', 'KUN'), ('1101', '10380', 't_item_prototype_name_10380', '1', '2', 'KUN'), ('1102', '10390', 't_item_prototype_name_10390', '1', '2', 'KUN'), ('1103', '10400', 't_item_prototype_name_10400', '1', '2', 'KUN'), ('1104', '10410', 't_item_prototype_name_10410', '1', '2', 'KUN'), ('1105', '10420', 't_item_prototype_name_10420', '1', '2', 'KUN'), ('1106', '10430', 't_item_prototype_name_10430', '1', '2', 'KUN'), ('1107', '10440', 't_item_prototype_name_10440', '1', '2', 'KUN'), ('1108', '10450', 't_item_prototype_name_10450', '1', '2', 'KUN'), ('1109', '10460', 't_item_prototype_name_10460', '1', '2', 'KUN'), ('1110', '10470', 't_item_prototype_name_10470', '1', '2', 'KUN'), ('1111', '10480', 't_item_prototype_name_10480', '1', '2', 'KUN'), ('1112', '10490', 't_item_prototype_name_10490', '1', '2', 'KUN'), ('1113', '10500', 't_item_prototype_name_10500', '1', '2', 'KUN'), ('1114', '10510', 't_item_prototype_name_10510', '1', '2', 'KUN'), ('1115', '10520', 't_item_prototype_name_10520', '1', '2', 'KUN'), ('1116', '10530', 't_item_prototype_name_10530', '1', '2', 'KUN'), ('1117', '10540', 't_item_prototype_name_10540', '1', '2', 'KUN'), ('1118', '10550', 't_item_prototype_name_10550', '1', '2', 'KUN'), ('1119', '10560', 't_item_prototype_name_10560', '1', '2', 'KUN'), ('1120', '10570', 't_item_prototype_name_10570', '1', '2', 'KUN'), ('1121', '10580', 't_item_prototype_name_10580', '1', '2', 'KUN'), ('1122', '10590', 't_item_prototype_name_10590', '1', '2', 'KUN'), ('1123', '10600', 't_item_prototype_name_10600', '1', '2', 'KUN'), ('1124', '10610', 't_item_prototype_name_10610', '1', '2', 'KUN'), ('1125', '10620', 't_item_prototype_name_10620', '1', '2', 'KUN'), ('1126', '10630', 't_item_prototype_name_10630', '1', '2', 'KUN'), ('1127', '10640', 't_item_prototype_name_10640', '1', '2', 'KUN'), ('1128', '10650', 't_item_prototype_name_10650', '1', '2', 'KUN'), ('1129', '10660', 't_item_prototype_name_10660', '1', '2', 'KUN'), ('1130', '10670', 't_item_prototype_name_10670', '1', '2', 'KUN'), ('1131', '10680', 't_item_prototype_name_10680', '1', '2', 'KUN'), ('1132', '10690', 't_item_prototype_name_10690', '1', '2', 'KUN'), ('1133', '10700', 't_item_prototype_name_10700', '1', '2', 'KUN'), ('1134', '10710', 't_item_prototype_name_10710', '1', '2', 'KUN'), ('1135', '10720', 't_item_prototype_name_10720', '1', '2', 'KUN'), ('1136', '10730', 't_item_prototype_name_10730', '1', '2', 'KUN'), ('1137', '10740', 't_item_prototype_name_10740', '1', '2', 'KUN'), ('1138', '10750', 't_item_prototype_name_10750', '1', '2', 'KUN'), ('1139', '10760', 't_item_prototype_name_10760', '1', '2', 'KUN'), ('1140', '10770', 't_item_prototype_name_10770', '1', '2', 'KUN'), ('1141', '10780', 't_item_prototype_name_10780', '1', '2', 'KUN'), ('1142', '10790', 't_item_prototype_name_10790', '1', '2', 'KUN'), ('1143', '10800', 't_item_prototype_name_10800', '1', '2', 'KUN'), ('1144', '101600', 't_item_prototype_name_1016', '1', '2', 'KUN'), ('1145', '105000', 't_item_prototype_name_1050', '1', '2', 'KUN'), ('1146', '100100', 't_item_prototype_name_1001', '1', '2', 'KUN'), ('1147', '100800', 't_item_prototype_name_1008', '1', '2', 'KUN'), ('1148', '102000', 't_item_prototype_name_1020', '1', '2', 'KUN'), ('1149', '102700', 't_item_prototype_name_1027', '1', '2', 'KUN'), ('1150', '103600', 't_item_prototype_name_1036', '1', '2', 'KUN'), ('1151', '102500', 't_item_prototype_name_1025', '1', '2', 'KUN'), ('1152', '104500', 't_item_prototype_name_1045', '1', '2', 'KUN'), ('1153', '104000', 't_item_prototype_name_1040', '1', '2', 'KUN'), ('1154', '1', 't_item_prototype_name_1', '1', '3', 'KDS'), ('1155', '2', 't_item_prototype_name_2', '1', '3', 'KDS'), ('1156', '3', 't_item_prototype_name_3', '1', '3', 'KDS'), ('1157', '4', 't_item_prototype_name_4', '1', '3', 'KDS'), ('1158', '5', 't_item_prototype_name_5', '1', '3', 'KDS'), ('1159', '6', 't_item_prototype_name_6', '1', '3', 'KDS'), ('1160', '12', 't_item_prototype_name_12', '1', '3', 'KDS'), ('1161', '13', 't_item_prototype_name_13', '1', '3', 'KDS'), ('1162', '14', 't_item_prototype_name_14', '1', '3', 'KDS'), ('1163', '15', 't_item_prototype_name_15', '1', '3', 'KDS'), ('1164', '16', 't_item_prototype_name_16', '1', '3', 'KDS'), ('1165', '17', 't_item_prototype_name_17', '1', '3', 'KDS'), ('1166', '18', 't_item_prototype_name_18', '1', '3', 'KDS'), ('1167', '19', 't_item_prototype_name_19', '1', '3', 'KDS'), ('1168', '20', 't_item_prototype_name_20', '1', '3', 'KDS'), ('1169', '21', 't_item_prototype_name_21', '1', '3', 'KDS');
INSERT INTO `game_tag` VALUES ('1170', '22', 't_item_prototype_name_22', '1', '3', 'KDS'), ('1171', '23', 't_item_prototype_name_23', '1', '3', 'KDS'), ('1172', '99', 't_item_prototype_name_99', '1', '3', 'KDS'), ('1173', '100', 't_item_prototype_name_100', '1', '3', 'KDS'), ('1174', '101', 't_item_prototype_name_101', '1', '3', 'KDS'), ('1175', '102', 't_item_prototype_name_102', '1', '3', 'KDS'), ('1176', '103', 't_item_prototype_name_103', '1', '3', 'KDS'), ('1177', '104', 't_item_prototype_name_104', '1', '3', 'KDS'), ('1178', '105', 't_item_prototype_name_105', '1', '3', 'KDS'), ('1179', '106', 't_item_prototype_name_106', '1', '3', 'KDS'), ('1180', '107', 't_item_prototype_name_107', '1', '3', 'KDS'), ('1181', '108', 't_item_prototype_name_108', '1', '3', 'KDS'), ('1182', '109', 't_item_prototype_name_109', '1', '3', 'KDS'), ('1183', '110', 't_item_prototype_name_110', '1', '3', 'KDS'), ('1184', '111', 't_item_prototype_name_111', '1', '3', 'KDS'), ('1185', '112', 't_item_prototype_name_112', '1', '3', 'KDS'), ('1186', '113', 't_item_prototype_name_113', '1', '3', 'KDS'), ('1187', '114', 't_item_prototype_name_114', '1', '3', 'KDS'), ('1188', '115', 't_item_prototype_name_115', '1', '3', 'KDS'), ('1189', '116', 't_item_prototype_name_116', '1', '3', 'KDS'), ('1190', '117', 't_item_prototype_name_117', '1', '3', 'KDS'), ('1191', '118', 't_item_prototype_name_118', '1', '3', 'KDS'), ('1192', '119', 't_item_prototype_name_119', '1', '3', 'KDS'), ('1193', '120', 't_item_prototype_name_120', '1', '3', 'KDS'), ('1194', '121', 't_item_prototype_name_121', '1', '3', 'KDS'), ('1195', '122', 't_item_prototype_name_122', '1', '3', 'KDS'), ('1196', '123', 't_item_prototype_name_123', '1', '3', 'KDS'), ('1197', '124', 't_item_prototype_name_124', '1', '3', 'KDS'), ('1198', '125', 't_item_prototype_name_125', '1', '3', 'KDS'), ('1199', '126', 't_item_prototype_name_126', '1', '3', 'KDS'), ('1200', '127', 't_item_prototype_name_127', '1', '3', 'KDS'), ('1201', '128', 't_item_prototype_name_128', '1', '3', 'KDS'), ('1202', '129', 't_item_prototype_name_129', '1', '3', 'KDS'), ('1203', '130', 't_item_prototype_name_130', '1', '3', 'KDS'), ('1204', '131', 't_item_prototype_name_131', '1', '3', 'KDS'), ('1205', '132', 't_item_prototype_name_132', '1', '3', 'KDS'), ('1206', '133', 't_item_prototype_name_133', '1', '3', 'KDS'), ('1207', '134', 't_item_prototype_name_134', '1', '3', 'KDS'), ('1208', '135', 't_item_prototype_name_135', '1', '3', 'KDS'), ('1209', '136', 't_item_prototype_name_136', '1', '3', 'KDS'), ('1210', '137', 't_item_prototype_name_137', '1', '3', 'KDS'), ('1211', '138', 't_item_prototype_name_138', '1', '3', 'KDS'), ('1212', '139', 't_item_prototype_name_139', '1', '3', 'KDS'), ('1213', '140', 't_item_prototype_name_140', '1', '3', 'KDS'), ('1214', '141', 't_item_prototype_name_141', '1', '3', 'KDS'), ('1215', '142', 't_item_prototype_name_142', '1', '3', 'KDS'), ('1216', '143', 't_item_prototype_name_143', '1', '3', 'KDS'), ('1217', '144', 't_item_prototype_name_144', '1', '3', 'KDS'), ('1218', '145', 't_item_prototype_name_145', '1', '3', 'KDS'), ('1219', '146', 't_item_prototype_name_146', '1', '3', 'KDS'), ('1220', '147', 't_item_prototype_name_147', '1', '3', 'KDS'), ('1221', '148', 't_item_prototype_name_148', '1', '3', 'KDS'), ('1222', '149', 't_item_prototype_name_149', '1', '3', 'KDS'), ('1223', '150', 't_item_prototype_name_150', '1', '3', 'KDS'), ('1224', '151', 't_item_prototype_name_151', '1', '3', 'KDS'), ('1225', '152', 't_item_prototype_name_152', '1', '3', 'KDS'), ('1226', '153', 't_item_prototype_name_153', '1', '3', 'KDS'), ('1227', '154', 't_item_prototype_name_154', '1', '3', 'KDS'), ('1228', '155', 't_item_prototype_name_155', '1', '3', 'KDS'), ('1229', '156', 't_item_prototype_name_156', '1', '3', 'KDS'), ('1230', '157', 't_item_prototype_name_157', '1', '3', 'KDS'), ('1231', '158', 't_item_prototype_name_158', '1', '3', 'KDS'), ('1232', '159', 't_item_prototype_name_159', '1', '3', 'KDS'), ('1233', '160', 't_item_prototype_name_160', '1', '3', 'KDS'), ('1234', '161', 't_item_prototype_name_161', '1', '3', 'KDS'), ('1235', '162', 't_item_prototype_name_162', '1', '3', 'KDS'), ('1236', '163', 't_item_prototype_name_163', '1', '3', 'KDS'), ('1237', '164', 't_item_prototype_name_164', '1', '3', 'KDS'), ('1238', '165', 't_item_prototype_name_165', '1', '3', 'KDS'), ('1239', '166', 't_item_prototype_name_166', '1', '3', 'KDS'), ('1240', '167', 't_item_prototype_name_167', '1', '3', 'KDS'), ('1241', '168', 't_item_prototype_name_168', '1', '3', 'KDS'), ('1242', '169', 't_item_prototype_name_169', '1', '3', 'KDS'), ('1243', '170', 't_item_prototype_name_170', '1', '3', 'KDS'), ('1244', '171', 't_item_prototype_name_171', '1', '3', 'KDS'), ('1245', '172', 't_item_prototype_name_172', '1', '3', 'KDS'), ('1246', '173', 't_item_prototype_name_173', '1', '3', 'KDS'), ('1247', '174', 't_item_prototype_name_174', '1', '3', 'KDS'), ('1248', '175', 't_item_prototype_name_175', '1', '3', 'KDS'), ('1249', '176', 't_item_prototype_name_176', '1', '3', 'KDS'), ('1250', '177', 't_item_prototype_name_177', '1', '3', 'KDS'), ('1251', '178', 't_item_prototype_name_178', '1', '3', 'KDS'), ('1252', '179', 't_item_prototype_name_179', '1', '3', 'KDS'), ('1253', '180', 't_item_prototype_name_180', '1', '3', 'KDS'), ('1254', '181', 't_item_prototype_name_181', '1', '3', 'KDS'), ('1255', '182', 't_item_prototype_name_182', '1', '3', 'KDS'), ('1256', '183', 't_item_prototype_name_183', '1', '3', 'KDS'), ('1257', '184', 't_item_prototype_name_184', '1', '3', 'KDS'), ('1258', '185', 't_item_prototype_name_185', '1', '3', 'KDS'), ('1259', '186', 't_item_prototype_name_186', '1', '3', 'KDS'), ('1260', '187', 't_item_prototype_name_187', '1', '3', 'KDS'), ('1261', '188', 't_item_prototype_name_188', '1', '3', 'KDS'), ('1262', '189', 't_item_prototype_name_189', '1', '3', 'KDS'), ('1263', '190', 't_item_prototype_name_190', '1', '3', 'KDS'), ('1264', '191', 't_item_prototype_name_191', '1', '3', 'KDS'), ('1265', '192', 't_item_prototype_name_192', '1', '3', 'KDS'), ('1266', '193', 't_item_prototype_name_193', '1', '3', 'KDS'), ('1267', '194', 't_item_prototype_name_194', '1', '3', 'KDS'), ('1268', '195', 't_item_prototype_name_195', '1', '3', 'KDS'), ('1269', '196', 't_item_prototype_name_196', '1', '3', 'KDS'), ('1270', '197', 't_item_prototype_name_197', '1', '3', 'KDS'), ('1271', '198', 't_item_prototype_name_198', '1', '3', 'KDS'), ('1272', '199', 't_item_prototype_name_199', '1', '3', 'KDS'), ('1273', '200', 't_item_prototype_name_200', '1', '3', 'KDS'), ('1274', '201', 't_item_prototype_name_201', '1', '3', 'KDS'), ('1275', '202', 't_item_prototype_name_202', '1', '3', 'KDS'), ('1276', '203', 't_item_prototype_name_203', '1', '3', 'KDS'), ('1277', '204', 't_item_prototype_name_204', '1', '3', 'KDS'), ('1278', '205', 't_item_prototype_name_205', '1', '3', 'KDS'), ('1279', '206', 't_item_prototype_name_206', '1', '3', 'KDS'), ('1280', '207', 't_item_prototype_name_207', '1', '3', 'KDS'), ('1281', '208', 't_item_prototype_name_208', '1', '3', 'KDS'), ('1282', '209', 't_item_prototype_name_209', '1', '3', 'KDS'), ('1283', '210', 't_item_prototype_name_210', '1', '3', 'KDS'), ('1284', '211', 't_item_prototype_name_211', '1', '3', 'KDS'), ('1285', '212', 't_item_prototype_name_212', '1', '3', 'KDS'), ('1286', '213', 't_item_prototype_name_213', '1', '3', 'KDS'), ('1287', '214', 't_item_prototype_name_214', '1', '3', 'KDS'), ('1288', '215', 't_item_prototype_name_215', '1', '3', 'KDS'), ('1289', '216', 't_item_prototype_name_216', '1', '3', 'KDS'), ('1290', '217', 't_item_prototype_name_217', '1', '3', 'KDS'), ('1291', '218', 't_item_prototype_name_218', '1', '3', 'KDS'), ('1292', '219', 't_item_prototype_name_219', '1', '3', 'KDS'), ('1293', '220', 't_item_prototype_name_220', '1', '3', 'KDS'), ('1294', '221', 't_item_prototype_name_221', '1', '3', 'KDS'), ('1295', '222', 't_item_prototype_name_222', '1', '3', 'KDS'), ('1296', '223', 't_item_prototype_name_223', '1', '3', 'KDS'), ('1297', '224', 't_item_prototype_name_224', '1', '3', 'KDS'), ('1298', '225', 't_item_prototype_name_225', '1', '3', 'KDS'), ('1299', '226', 't_item_prototype_name_226', '1', '3', 'KDS'), ('1300', '227', 't_item_prototype_name_227', '1', '3', 'KDS'), ('1301', '228', 't_item_prototype_name_228', '1', '3', 'KDS'), ('1302', '229', 't_item_prototype_name_229', '1', '3', 'KDS'), ('1303', '230', 't_item_prototype_name_230', '1', '3', 'KDS'), ('1304', '231', 't_item_prototype_name_231', '1', '3', 'KDS'), ('1305', '232', 't_item_prototype_name_232', '1', '3', 'KDS'), ('1306', '233', 't_item_prototype_name_233', '1', '3', 'KDS'), ('1307', '234', 't_item_prototype_name_234', '1', '3', 'KDS'), ('1308', '235', 't_item_prototype_name_235', '1', '3', 'KDS'), ('1309', '236', 't_item_prototype_name_236', '1', '3', 'KDS'), ('1310', '248', 't_item_prototype_name_248', '1', '3', 'KDS'), ('1311', '254', 't_item_prototype_name_254', '1', '3', 'KDS'), ('1312', '256', 't_item_prototype_name_256', '1', '3', 'KDS'), ('1313', '328', 't_item_prototype_name_328', '1', '3', 'KDS'), ('1314', '329', 't_item_prototype_name_329', '1', '3', 'KDS'), ('1315', '330', 't_item_prototype_name_330', '1', '3', 'KDS'), ('1316', '331', 't_item_prototype_name_331', '1', '3', 'KDS'), ('1317', '332', 't_item_prototype_name_332', '1', '3', 'KDS'), ('1318', '333', 't_item_prototype_name_333', '1', '3', 'KDS'), ('1319', '334', 't_item_prototype_name_334', '1', '3', 'KDS'), ('1320', '335', 't_item_prototype_name_335', '1', '3', 'KDS'), ('1321', '336', 't_item_prototype_name_336', '1', '3', 'KDS'), ('1322', '337', 't_item_prototype_name_337', '1', '3', 'KDS'), ('1323', '338', 't_item_prototype_name_338', '1', '3', 'KDS'), ('1324', '339', 't_item_prototype_name_339', '1', '3', 'KDS'), ('1325', '340', 't_item_prototype_name_340', '1', '3', 'KDS'), ('1326', '341', 't_item_prototype_name_341', '1', '3', 'KDS'), ('1327', '342', 't_item_prototype_name_342', '1', '3', 'KDS'), ('1328', '343', 't_item_prototype_name_343', '1', '3', 'KDS'), ('1329', '344', 't_item_prototype_name_344', '1', '3', 'KDS'), ('1330', '345', 't_item_prototype_name_345', '1', '3', 'KDS'), ('1331', '346', 't_item_prototype_name_346', '1', '3', 'KDS'), ('1332', '347', 't_item_prototype_name_347', '1', '3', 'KDS'), ('1333', '348', 't_item_prototype_name_348', '1', '3', 'KDS'), ('1334', '349', 't_item_prototype_name_349', '1', '3', 'KDS'), ('1335', '350', 't_item_prototype_name_350', '1', '3', 'KDS'), ('1336', '351', 't_item_prototype_name_351', '1', '3', 'KDS'), ('1337', '352', 't_item_prototype_name_352', '1', '3', 'KDS'), ('1338', '353', 't_item_prototype_name_353', '1', '3', 'KDS'), ('1339', '354', 't_item_prototype_name_354', '1', '3', 'KDS'), ('1340', '355', 't_item_prototype_name_355', '1', '3', 'KDS'), ('1341', '356', 't_item_prototype_name_356', '1', '3', 'KDS'), ('1342', '357', 't_item_prototype_name_357', '1', '3', 'KDS'), ('1343', '358', 't_item_prototype_name_358', '1', '3', 'KDS'), ('1344', '359', 't_item_prototype_name_359', '1', '3', 'KDS'), ('1345', '360', 't_item_prototype_name_360', '1', '3', 'KDS'), ('1346', '361', 't_item_prototype_name_361', '1', '3', 'KDS'), ('1347', '362', 't_item_prototype_name_362', '1', '3', 'KDS'), ('1348', '363', 't_item_prototype_name_363', '1', '3', 'KDS'), ('1349', '364', 't_item_prototype_name_364', '1', '3', 'KDS'), ('1350', '365', 't_item_prototype_name_365', '1', '3', 'KDS'), ('1351', '366', 't_item_prototype_name_366', '1', '3', 'KDS'), ('1352', '367', 't_item_prototype_name_367', '1', '3', 'KDS'), ('1353', '368', 't_item_prototype_name_368', '1', '3', 'KDS'), ('1354', '369', 't_item_prototype_name_369', '1', '3', 'KDS'), ('1355', '370', 't_item_prototype_name_370', '1', '3', 'KDS'), ('1356', '371', 't_item_prototype_name_371', '1', '3', 'KDS'), ('1357', '372', 't_item_prototype_name_372', '1', '3', 'KDS'), ('1358', '373', 't_item_prototype_name_373', '1', '3', 'KDS'), ('1359', '374', 't_item_prototype_name_374', '1', '3', 'KDS'), ('1360', '375', 't_item_prototype_name_375', '1', '3', 'KDS'), ('1361', '376', 't_item_prototype_name_376', '1', '3', 'KDS'), ('1362', '377', 't_item_prototype_name_377', '1', '3', 'KDS'), ('1363', '378', 't_item_prototype_name_378', '1', '3', 'KDS'), ('1364', '379', 't_item_prototype_name_379', '1', '3', 'KDS'), ('1365', '380', 't_item_prototype_name_380', '1', '3', 'KDS'), ('1366', '381', 't_item_prototype_name_381', '1', '3', 'KDS'), ('1367', '382', 't_item_prototype_name_382', '1', '3', 'KDS'), ('1368', '383', 't_item_prototype_name_383', '1', '3', 'KDS'), ('1369', '384', 't_item_prototype_name_384', '1', '3', 'KDS'), ('1370', '385', 't_item_prototype_name_385', '1', '3', 'KDS'), ('1371', '386', 't_item_prototype_name_386', '1', '3', 'KDS'), ('1372', '387', 't_item_prototype_name_387', '1', '3', 'KDS'), ('1373', '388', 't_item_prototype_name_388', '1', '3', 'KDS'), ('1374', '389', 't_item_prototype_name_389', '1', '3', 'KDS'), ('1375', '390', 't_item_prototype_name_390', '1', '3', 'KDS'), ('1376', '391', 't_item_prototype_name_391', '1', '3', 'KDS'), ('1377', '392', 't_item_prototype_name_392', '1', '3', 'KDS'), ('1378', '393', 't_item_prototype_name_393', '1', '3', 'KDS'), ('1379', '394', 't_item_prototype_name_394', '1', '3', 'KDS'), ('1380', '395', 't_item_prototype_name_395', '1', '3', 'KDS'), ('1381', '396', 't_item_prototype_name_396', '1', '3', 'KDS'), ('1382', '397', 't_item_prototype_name_397', '1', '3', 'KDS'), ('1383', '398', 't_item_prototype_name_398', '1', '3', 'KDS'), ('1384', '399', 't_item_prototype_name_399', '1', '3', 'KDS'), ('1385', '400', 't_item_prototype_name_400', '1', '3', 'KDS'), ('1386', '401', 't_item_prototype_name_401', '1', '3', 'KDS'), ('1387', '402', 't_item_prototype_name_402', '1', '3', 'KDS'), ('1388', '403', 't_item_prototype_name_403', '1', '3', 'KDS'), ('1389', '404', 't_item_prototype_name_404', '1', '3', 'KDS'), ('1390', '405', 't_item_prototype_name_405', '1', '3', 'KDS'), ('1391', '406', 't_item_prototype_name_406', '1', '3', 'KDS'), ('1392', '407', 't_item_prototype_name_407', '1', '3', 'KDS'), ('1393', '408', 't_item_prototype_name_408', '1', '3', 'KDS'), ('1394', '409', 't_item_prototype_name_409', '1', '3', 'KDS'), ('1395', '410', 't_item_prototype_name_410', '1', '3', 'KDS'), ('1396', '411', 't_item_prototype_name_411', '1', '3', 'KDS'), ('1397', '412', 't_item_prototype_name_412', '1', '3', 'KDS'), ('1398', '413', 't_item_prototype_name_413', '1', '3', 'KDS'), ('1399', '414', 't_item_prototype_name_414', '1', '3', 'KDS'), ('1400', '415', 't_item_prototype_name_415', '1', '3', 'KDS'), ('1401', '416', 't_item_prototype_name_416', '1', '3', 'KDS'), ('1402', '417', 't_item_prototype_name_417', '1', '3', 'KDS'), ('1403', '418', 't_item_prototype_name_418', '1', '3', 'KDS'), ('1404', '419', 't_item_prototype_name_419', '1', '3', 'KDS'), ('1405', '420', 't_item_prototype_name_420', '1', '3', 'KDS'), ('1406', '421', 't_item_prototype_name_421', '1', '3', 'KDS'), ('1407', '422', 't_item_prototype_name_422', '1', '3', 'KDS'), ('1408', '423', 't_item_prototype_name_423', '1', '3', 'KDS'), ('1409', '424', 't_item_prototype_name_424', '1', '3', 'KDS'), ('1410', '425', 't_item_prototype_name_425', '1', '3', 'KDS'), ('1411', '426', 't_item_prototype_name_426', '1', '3', 'KDS'), ('1412', '427', 't_item_prototype_name_427', '1', '3', 'KDS'), ('1413', '428', 't_item_prototype_name_428', '1', '3', 'KDS'), ('1414', '429', 't_item_prototype_name_429', '1', '3', 'KDS'), ('1415', '430', 't_item_prototype_name_430', '1', '3', 'KDS'), ('1416', '431', 't_item_prototype_name_431', '1', '3', 'KDS'), ('1417', '432', 't_item_prototype_name_432', '1', '3', 'KDS'), ('1418', '433', 't_item_prototype_name_433', '1', '3', 'KDS'), ('1419', '434', 't_item_prototype_name_434', '1', '3', 'KDS'), ('1420', '435', 't_item_prototype_name_435', '1', '3', 'KDS'), ('1421', '436', 't_item_prototype_name_436', '1', '3', 'KDS'), ('1422', '437', 't_item_prototype_name_437', '1', '3', 'KDS'), ('1423', '438', 't_item_prototype_name_438', '1', '3', 'KDS'), ('1424', '439', 't_item_prototype_name_439', '1', '3', 'KDS'), ('1425', '440', 't_item_prototype_name_440', '1', '3', 'KDS'), ('1426', '441', 't_item_prototype_name_441', '1', '3', 'KDS'), ('1427', '442', 't_item_prototype_name_442', '1', '3', 'KDS'), ('1428', '443', 't_item_prototype_name_443', '1', '3', 'KDS'), ('1429', '444', 't_item_prototype_name_444', '1', '3', 'KDS'), ('1430', '445', 't_item_prototype_name_445', '1', '3', 'KDS'), ('1431', '446', 't_item_prototype_name_446', '1', '3', 'KDS'), ('1432', '447', 't_item_prototype_name_447', '1', '3', 'KDS'), ('1433', '448', 't_item_prototype_name_448', '1', '3', 'KDS'), ('1434', '449', 't_item_prototype_name_449', '1', '3', 'KDS'), ('1435', '450', 't_item_prototype_name_450', '1', '3', 'KDS'), ('1436', '451', 't_item_prototype_name_451', '1', '3', 'KDS'), ('1437', '452', 't_item_prototype_name_452', '1', '3', 'KDS'), ('1438', '453', 't_item_prototype_name_453', '1', '3', 'KDS'), ('1439', '454', 't_item_prototype_name_454', '1', '3', 'KDS'), ('1440', '455', 't_item_prototype_name_455', '1', '3', 'KDS'), ('1441', '456', 't_item_prototype_name_456', '1', '3', 'KDS'), ('1442', '457', 't_item_prototype_name_457', '1', '3', 'KDS'), ('1443', '458', 't_item_prototype_name_458', '1', '3', 'KDS'), ('1444', '459', 't_item_prototype_name_459', '1', '3', 'KDS'), ('1445', '460', 't_item_prototype_name_460', '1', '3', 'KDS'), ('1446', '461', 't_item_prototype_name_461', '1', '3', 'KDS'), ('1447', '462', 't_item_prototype_name_462', '1', '3', 'KDS'), ('1448', '463', 't_item_prototype_name_463', '1', '3', 'KDS'), ('1449', '464', 't_item_prototype_name_464', '1', '3', 'KDS'), ('1450', '465', 't_item_prototype_name_465', '1', '3', 'KDS'), ('1451', '466', 't_item_prototype_name_466', '1', '3', 'KDS'), ('1452', '467', 't_item_prototype_name_467', '1', '3', 'KDS'), ('1453', '468', 't_item_prototype_name_468', '1', '3', 'KDS'), ('1454', '469', 't_item_prototype_name_469', '1', '3', 'KDS'), ('1455', '470', 't_item_prototype_name_470', '1', '3', 'KDS'), ('1456', '471', 't_item_prototype_name_471', '1', '3', 'KDS'), ('1457', '472', 't_item_prototype_name_472', '1', '3', 'KDS'), ('1458', '473', 't_item_prototype_name_473', '1', '3', 'KDS'), ('1459', '474', 't_item_prototype_name_474', '1', '3', 'KDS'), ('1460', '475', 't_item_prototype_name_475', '1', '3', 'KDS'), ('1461', '476', 't_item_prototype_name_476', '1', '3', 'KDS'), ('1462', '477', 't_item_prototype_name_477', '1', '3', 'KDS'), ('1463', '478', 't_item_prototype_name_478', '1', '3', 'KDS'), ('1464', '479', 't_item_prototype_name_479', '1', '3', 'KDS'), ('1465', '480', 't_item_prototype_name_480', '1', '3', 'KDS'), ('1466', '481', 't_item_prototype_name_481', '1', '3', 'KDS'), ('1467', '482', 't_item_prototype_name_482', '1', '3', 'KDS'), ('1468', '483', 't_item_prototype_name_483', '1', '3', 'KDS'), ('1469', '484', 't_item_prototype_name_484', '1', '3', 'KDS'), ('1470', '485', 't_item_prototype_name_485', '1', '3', 'KDS'), ('1471', '486', 't_item_prototype_name_486', '1', '3', 'KDS'), ('1472', '487', 't_item_prototype_name_487', '1', '3', 'KDS'), ('1473', '488', 't_item_prototype_name_488', '1', '3', 'KDS'), ('1474', '489', 't_item_prototype_name_489', '1', '3', 'KDS'), ('1475', '490', 't_item_prototype_name_490', '1', '3', 'KDS'), ('1476', '491', 't_item_prototype_name_491', '1', '3', 'KDS'), ('1477', '492', 't_item_prototype_name_492', '1', '3', 'KDS'), ('1478', '493', 't_item_prototype_name_493', '1', '3', 'KDS'), ('1479', '494', 't_item_prototype_name_494', '1', '3', 'KDS'), ('1480', '495', 't_item_prototype_name_495', '1', '3', 'KDS'), ('1481', '496', 't_item_prototype_name_496', '1', '3', 'KDS'), ('1482', '497', 't_item_prototype_name_497', '1', '3', 'KDS'), ('1483', '498', 't_item_prototype_name_498', '1', '3', 'KDS'), ('1484', '499', 't_item_prototype_name_499', '1', '3', 'KDS'), ('1485', '500', 't_item_prototype_name_500', '1', '3', 'KDS'), ('1486', '501', 't_item_prototype_name_501', '1', '3', 'KDS'), ('1487', '502', 't_item_prototype_name_502', '1', '3', 'KDS'), ('1488', '503', 't_item_prototype_name_503', '1', '3', 'KDS'), ('1489', '1001', 't_item_prototype_name_1001', '1', '3', 'KDS'), ('1490', '1002', 't_item_prototype_name_1002', '1', '3', 'KDS'), ('1491', '1003', 't_item_prototype_name_1003', '1', '3', 'KDS'), ('1492', '1004', 't_item_prototype_name_1004', '1', '3', 'KDS'), ('1493', '1005', 't_item_prototype_name_1005', '1', '3', 'KDS'), ('1494', '1006', 't_item_prototype_name_1006', '1', '3', 'KDS'), ('1495', '1007', 't_item_prototype_name_1007', '1', '3', 'KDS'), ('1496', '1008', 't_item_prototype_name_1008', '1', '3', 'KDS'), ('1497', '1009', 't_item_prototype_name_1009', '1', '3', 'KDS'), ('1498', '1010', 't_item_prototype_name_1010', '1', '3', 'KDS'), ('1499', '1011', 't_item_prototype_name_1011', '1', '3', 'KDS'), ('1500', '1012', 't_item_prototype_name_1012', '1', '3', 'KDS'), ('1501', '1013', 't_item_prototype_name_1013', '1', '3', 'KDS'), ('1502', '1014', 't_item_prototype_name_1014', '1', '3', 'KDS'), ('1503', '1015', 't_item_prototype_name_1015', '1', '3', 'KDS'), ('1504', '1016', 't_item_prototype_name_1016', '1', '3', 'KDS'), ('1505', '1017', 't_item_prototype_name_1017', '1', '3', 'KDS'), ('1506', '1018', 't_item_prototype_name_1018', '1', '3', 'KDS'), ('1507', '1019', 't_item_prototype_name_1019', '1', '3', 'KDS'), ('1508', '1020', 't_item_prototype_name_1020', '1', '3', 'KDS'), ('1509', '1021', 't_item_prototype_name_1021', '1', '3', 'KDS'), ('1510', '1022', 't_item_prototype_name_1022', '1', '3', 'KDS'), ('1511', '1023', 't_item_prototype_name_1023', '1', '3', 'KDS'), ('1512', '1024', 't_item_prototype_name_1024', '1', '3', 'KDS'), ('1513', '1025', 't_item_prototype_name_1025', '1', '3', 'KDS'), ('1514', '1026', 't_item_prototype_name_1026', '1', '3', 'KDS'), ('1515', '1027', 't_item_prototype_name_1027', '1', '3', 'KDS'), ('1516', '1028', 't_item_prototype_name_1028', '1', '3', 'KDS'), ('1517', '1029', 't_item_prototype_name_1029', '1', '3', 'KDS'), ('1518', '1030', 't_item_prototype_name_1030', '1', '3', 'KDS'), ('1519', '1031', 't_item_prototype_name_1031', '1', '3', 'KDS'), ('1520', '1032', 't_item_prototype_name_1032', '1', '3', 'KDS'), ('1521', '1033', 't_item_prototype_name_1033', '1', '3', 'KDS'), ('1522', '1034', 't_item_prototype_name_1034', '1', '3', 'KDS'), ('1523', '1035', 't_item_prototype_name_1035', '1', '3', 'KDS'), ('1524', '1036', 't_item_prototype_name_1036', '1', '3', 'KDS'), ('1525', '1037', 't_item_prototype_name_1037', '1', '3', 'KDS'), ('1526', '1038', 't_item_prototype_name_1038', '1', '3', 'KDS'), ('1527', '1039', 't_item_prototype_name_1039', '1', '3', 'KDS'), ('1528', '1040', 't_item_prototype_name_1040', '1', '3', 'KDS'), ('1529', '1041', 't_item_prototype_name_1041', '1', '3', 'KDS'), ('1530', '1042', 't_item_prototype_name_1042', '1', '3', 'KDS'), ('1531', '1043', 't_item_prototype_name_1043', '1', '3', 'KDS'), ('1532', '1044', 't_item_prototype_name_1044', '1', '3', 'KDS'), ('1533', '1045', 't_item_prototype_name_1045', '1', '3', 'KDS'), ('1534', '1046', 't_item_prototype_name_1046', '1', '3', 'KDS'), ('1535', '1047', 't_item_prototype_name_1047', '1', '3', 'KDS'), ('1536', '1048', 't_item_prototype_name_1048', '1', '3', 'KDS'), ('1537', '1049', 't_item_prototype_name_1049', '1', '3', 'KDS'), ('1538', '1050', 't_item_prototype_name_1050', '1', '3', 'KDS'), ('1539', '1051', 't_item_prototype_name_1051', '1', '3', 'KDS'), ('1540', '1052', 't_item_prototype_name_1052', '1', '3', 'KDS'), ('1541', '1053', 't_item_prototype_name_1053', '1', '3', 'KDS'), ('1542', '1054', 't_item_prototype_name_1054', '1', '3', 'KDS'), ('1543', '1055', 't_item_prototype_name_1055', '1', '3', 'KDS'), ('1544', '1056', 't_item_prototype_name_1056', '1', '3', 'KDS'), ('1545', '1057', 't_item_prototype_name_1057', '1', '3', 'KDS'), ('1546', '1058', 't_item_prototype_name_1058', '1', '3', 'KDS'), ('1547', '1059', 't_item_prototype_name_1059', '1', '3', 'KDS'), ('1548', '1060', 't_item_prototype_name_1060', '1', '3', 'KDS'), ('1549', '1061', 't_item_prototype_name_1061', '1', '3', 'KDS'), ('1550', '1062', 't_item_prototype_name_1062', '1', '3', 'KDS'), ('1551', '1063', 't_item_prototype_name_1063', '1', '3', 'KDS'), ('1552', '1064', 't_item_prototype_name_1064', '1', '3', 'KDS'), ('1553', '1065', 't_item_prototype_name_1065', '1', '3', 'KDS'), ('1554', '1066', 't_item_prototype_name_1066', '1', '3', 'KDS'), ('1555', '1067', 't_item_prototype_name_1067', '1', '3', 'KDS'), ('1556', '1068', 't_item_prototype_name_1068', '1', '3', 'KDS'), ('1557', '1069', 't_item_prototype_name_1069', '1', '3', 'KDS'), ('1558', '1070', 't_item_prototype_name_1070', '1', '3', 'KDS'), ('1559', '1071', 't_item_prototype_name_1071', '1', '3', 'KDS'), ('1560', '1072', 't_item_prototype_name_1072', '1', '3', 'KDS'), ('1561', '1073', 't_item_prototype_name_1073', '1', '3', 'KDS'), ('1562', '1074', 't_item_prototype_name_1074', '1', '3', 'KDS'), ('1563', '1075', 't_item_prototype_name_1075', '1', '3', 'KDS'), ('1564', '1076', 't_item_prototype_name_1076', '1', '3', 'KDS'), ('1565', '1077', 't_item_prototype_name_1077', '1', '3', 'KDS'), ('1566', '1078', 't_item_prototype_name_1078', '1', '3', 'KDS'), ('1567', '1079', 't_item_prototype_name_1079', '1', '3', 'KDS'), ('1568', '1080', 't_item_prototype_name_1080', '1', '3', 'KDS'), ('1569', '1081', 't_item_prototype_name_1081', '1', '3', 'KDS'), ('1570', '1082', 't_item_prototype_name_1082', '1', '3', 'KDS'), ('1571', '1083', 't_item_prototype_name_1083', '1', '3', 'KDS'), ('1572', '1084', 't_item_prototype_name_1084', '1', '3', 'KDS'), ('1573', '1085', 't_item_prototype_name_1085', '1', '3', 'KDS'), ('1574', '1086', 't_item_prototype_name_1086', '1', '3', 'KDS'), ('1575', '1087', 't_item_prototype_name_1087', '1', '3', 'KDS'), ('1576', '1088', 't_item_prototype_name_1088', '1', '3', 'KDS'), ('1577', '10010', 't_item_prototype_name_10010', '1', '3', 'KDS'), ('1578', '10020', 't_item_prototype_name_10020', '1', '3', 'KDS'), ('1579', '10030', 't_item_prototype_name_10030', '1', '3', 'KDS'), ('1580', '10040', 't_item_prototype_name_10040', '1', '3', 'KDS'), ('1581', '10050', 't_item_prototype_name_10050', '1', '3', 'KDS'), ('1582', '10060', 't_item_prototype_name_10060', '1', '3', 'KDS'), ('1583', '10070', 't_item_prototype_name_10070', '1', '3', 'KDS'), ('1584', '10080', 't_item_prototype_name_10080', '1', '3', 'KDS'), ('1585', '10090', 't_item_prototype_name_10090', '1', '3', 'KDS'), ('1586', '10100', 't_item_prototype_name_10100', '1', '3', 'KDS'), ('1587', '10110', 't_item_prototype_name_10110', '1', '3', 'KDS'), ('1588', '10120', 't_item_prototype_name_10120', '1', '3', 'KDS'), ('1589', '10130', 't_item_prototype_name_10130', '1', '3', 'KDS'), ('1590', '10140', 't_item_prototype_name_10140', '1', '3', 'KDS'), ('1591', '10150', 't_item_prototype_name_10150', '1', '3', 'KDS'), ('1592', '10160', 't_item_prototype_name_10160', '1', '3', 'KDS'), ('1593', '10170', 't_item_prototype_name_10170', '1', '3', 'KDS'), ('1594', '10180', 't_item_prototype_name_10180', '1', '3', 'KDS'), ('1595', '10190', 't_item_prototype_name_10190', '1', '3', 'KDS'), ('1596', '10200', 't_item_prototype_name_10200', '1', '3', 'KDS'), ('1597', '10210', 't_item_prototype_name_10210', '1', '3', 'KDS'), ('1598', '10220', 't_item_prototype_name_10220', '1', '3', 'KDS'), ('1599', '10230', 't_item_prototype_name_10230', '1', '3', 'KDS'), ('1600', '10240', 't_item_prototype_name_10240', '1', '3', 'KDS'), ('1601', '10250', 't_item_prototype_name_10250', '1', '3', 'KDS'), ('1602', '10260', 't_item_prototype_name_10260', '1', '3', 'KDS'), ('1603', '10270', 't_item_prototype_name_10270', '1', '3', 'KDS'), ('1604', '10280', 't_item_prototype_name_10280', '1', '3', 'KDS'), ('1605', '10290', 't_item_prototype_name_10290', '1', '3', 'KDS'), ('1606', '10300', 't_item_prototype_name_10300', '1', '3', 'KDS'), ('1607', '10310', 't_item_prototype_name_10310', '1', '3', 'KDS'), ('1608', '10320', 't_item_prototype_name_10320', '1', '3', 'KDS'), ('1609', '10330', 't_item_prototype_name_10330', '1', '3', 'KDS'), ('1610', '10340', 't_item_prototype_name_10340', '1', '3', 'KDS'), ('1611', '10350', 't_item_prototype_name_10350', '1', '3', 'KDS'), ('1612', '10360', 't_item_prototype_name_10360', '1', '3', 'KDS'), ('1613', '10370', 't_item_prototype_name_10370', '1', '3', 'KDS'), ('1614', '10380', 't_item_prototype_name_10380', '1', '3', 'KDS'), ('1615', '10390', 't_item_prototype_name_10390', '1', '3', 'KDS'), ('1616', '10400', 't_item_prototype_name_10400', '1', '3', 'KDS'), ('1617', '10410', 't_item_prototype_name_10410', '1', '3', 'KDS'), ('1618', '10420', 't_item_prototype_name_10420', '1', '3', 'KDS'), ('1619', '10430', 't_item_prototype_name_10430', '1', '3', 'KDS'), ('1620', '10440', 't_item_prototype_name_10440', '1', '3', 'KDS'), ('1621', '10450', 't_item_prototype_name_10450', '1', '3', 'KDS'), ('1622', '10460', 't_item_prototype_name_10460', '1', '3', 'KDS'), ('1623', '10470', 't_item_prototype_name_10470', '1', '3', 'KDS'), ('1624', '10480', 't_item_prototype_name_10480', '1', '3', 'KDS'), ('1625', '10490', 't_item_prototype_name_10490', '1', '3', 'KDS'), ('1626', '10500', 't_item_prototype_name_10500', '1', '3', 'KDS'), ('1627', '10510', 't_item_prototype_name_10510', '1', '3', 'KDS'), ('1628', '10520', 't_item_prototype_name_10520', '1', '3', 'KDS'), ('1629', '10530', 't_item_prototype_name_10530', '1', '3', 'KDS'), ('1630', '10540', 't_item_prototype_name_10540', '1', '3', 'KDS'), ('1631', '10550', 't_item_prototype_name_10550', '1', '3', 'KDS'), ('1632', '10560', 't_item_prototype_name_10560', '1', '3', 'KDS'), ('1633', '10570', 't_item_prototype_name_10570', '1', '3', 'KDS'), ('1634', '10580', 't_item_prototype_name_10580', '1', '3', 'KDS'), ('1635', '10590', 't_item_prototype_name_10590', '1', '3', 'KDS'), ('1636', '10600', 't_item_prototype_name_10600', '1', '3', 'KDS'), ('1637', '10610', 't_item_prototype_name_10610', '1', '3', 'KDS'), ('1638', '10620', 't_item_prototype_name_10620', '1', '3', 'KDS'), ('1639', '10630', 't_item_prototype_name_10630', '1', '3', 'KDS'), ('1640', '10640', 't_item_prototype_name_10640', '1', '3', 'KDS'), ('1641', '10650', 't_item_prototype_name_10650', '1', '3', 'KDS'), ('1642', '10660', 't_item_prototype_name_10660', '1', '3', 'KDS'), ('1643', '10670', 't_item_prototype_name_10670', '1', '3', 'KDS'), ('1644', '10680', 't_item_prototype_name_10680', '1', '3', 'KDS'), ('1645', '10690', 't_item_prototype_name_10690', '1', '3', 'KDS'), ('1646', '10700', 't_item_prototype_name_10700', '1', '3', 'KDS'), ('1647', '10710', 't_item_prototype_name_10710', '1', '3', 'KDS'), ('1648', '10720', 't_item_prototype_name_10720', '1', '3', 'KDS'), ('1649', '10730', 't_item_prototype_name_10730', '1', '3', 'KDS'), ('1650', '10740', 't_item_prototype_name_10740', '1', '3', 'KDS'), ('1651', '10750', 't_item_prototype_name_10750', '1', '3', 'KDS'), ('1652', '10760', 't_item_prototype_name_10760', '1', '3', 'KDS'), ('1653', '10770', 't_item_prototype_name_10770', '1', '3', 'KDS'), ('1654', '10780', 't_item_prototype_name_10780', '1', '3', 'KDS'), ('1655', '10790', 't_item_prototype_name_10790', '1', '3', 'KDS'), ('1656', '10800', 't_item_prototype_name_10800', '1', '3', 'KDS'), ('1657', '101600', 't_item_prototype_name_1016', '1', '3', 'KDS'), ('1658', '105000', 't_item_prototype_name_1050', '1', '3', 'KDS'), ('1659', '100100', 't_item_prototype_name_1001', '1', '3', 'KDS'), ('1660', '100800', 't_item_prototype_name_1008', '1', '3', 'KDS'), ('1661', '102000', 't_item_prototype_name_1020', '1', '3', 'KDS'), ('1662', '102700', 't_item_prototype_name_1027', '1', '3', 'KDS'), ('1663', '103600', 't_item_prototype_name_1036', '1', '3', 'KDS'), ('1664', '102500', 't_item_prototype_name_1025', '1', '3', 'KDS'), ('1665', '104500', 't_item_prototype_name_1045', '1', '3', 'KDS'), ('1666', '104000', 't_item_prototype_name_1040', '1', '3', 'KDS');
COMMIT;

-- ----------------------------
--  Table structure for `game_user`
-- ----------------------------
DROP TABLE IF EXISTS `game_user`;
CREATE TABLE `game_user` (
  `store_id` varchar(255) DEFAULT NULL,
  `login_name` varchar(255) DEFAULT NULL,
  `name` varchar(255) DEFAULT NULL,
  `id` bigint(20) NOT NULL AUTO_INCREMENT,
  `server_zone` varchar(255) DEFAULT NULL,
  `email` varchar(255) DEFAULT NULL,
  `password` varchar(255) DEFAULT NULL,
  `salt` varchar(255) DEFAULT NULL,
  `roles` varchar(255) DEFAULT NULL,
  `register_date` date DEFAULT NULL,
  `upd_date` date DEFAULT NULL,
  `status` int(1) DEFAULT NULL,
  PRIMARY KEY (`id`)
) ENGINE=MyISAM AUTO_INCREMENT=93 DEFAULT CHARSET=utf8;

-- ----------------------------
--  Records of `game_user`
-- ----------------------------
BEGIN;
INSERT INTO `game_user` VALUES ('0', 'admin', 'admin', '1', '', null, '73c4d5b5bceae643e11f6c9b71f7a85695ff07a8', 'aec37f3487e5761f', 'admin', '2014-04-04', null, '1'), ('1,2,3', 'test1', 'test1', '90', ',3,4,1,2', null, '6fb08d5507c298de9a1837815bea8787d68caf19', 'dc846544aa1899d6', '', '2015-11-22', null, '1'), ('1,3', 'test2', 'test2', '91', ',1,2,3,4', null, 'b811d9254288be343fc646538cf9aee1f8536e06', 'db498126d7fa087f', '', '2015-11-23', null, '1'), ('3', 'test3', 'test3', '92', ',1,2,3,4', null, 'f7310a4c10e15bdedd80ef3c54258cc79901179a', '198d316bd0d8d1b8', '', '2015-11-12', null, '1');
COMMIT;

-- ----------------------------
--  Table structure for `game_user_role`
-- ----------------------------
DROP TABLE IF EXISTS `game_user_role`;
CREATE TABLE `game_user_role` (
  `id` bigint(20) NOT NULL AUTO_INCREMENT,
  `user_id` bigint(20) DEFAULT NULL,
  `cr_date` timestamp NULL DEFAULT NULL ON UPDATE CURRENT_TIMESTAMP,
  `upd_date` timestamp NULL DEFAULT NULL,
  `status` int(1) DEFAULT NULL,
  `store_id` bigint(20) DEFAULT NULL,
  `role` varchar(10) DEFAULT NULL,
  `functions` varchar(2000) DEFAULT NULL,
  PRIMARY KEY (`id`)
) ENGINE=InnoDB AUTO_INCREMENT=368 DEFAULT CHARSET=utf8;

-- ----------------------------
--  Records of `game_user_role`
-- ----------------------------
BEGIN;
INSERT INTO `game_user_role` VALUES ('362', '91', '2015-11-23 11:38:02', '2015-11-23 11:38:02', '1', '1', 'test', ',1,10,17,18,19,2,20,29,3,30,4,5,6,7,8,9,FB_AP,FB_ITEM,FB_OFF_USER_INCOME,FB_OFF_USER_PAY,FB_OFF_USER_RETAINED,FB_USER,FB_USER_PORTRAIT'), ('363', '91', '2015-11-23 12:13:58', '2015-11-23 12:13:58', '1', '3', '1', '1,17,KDS_AP'), ('364', '90', '2015-11-23 12:14:16', '2015-11-23 12:14:16', '1', '2', 'admin', '17,KUN_AP,KUN_COIN,KUN_DUMMY,KUN_ITEM,KUN_MONEY,KUN_OFF_USER_ACTIVE,KUN_OFF_USER_ADD,KUN_OFF_USER_INCOME,KUN_OFF_USER_PAY,KUN_OFF_USER_RETAINED,KUN_USER,KUN_USER_PORTRAIT'), ('365', '90', '2015-11-23 12:14:24', '2015-11-23 12:14:24', '1', '1', '1', ',1,18,19,20,FB_AP,FB_ITEM,FB_MONEY,FB_OFF_USER_RETAINED,FB_USER_PORTRAIT'), ('366', '90', '2015-11-23 14:23:18', '2015-11-23 14:23:18', '1', '3', '1', ',1,17,18,19,20,29,30,KDS_AP,KDS_COIN,KDS_DUMMY,KDS_ITEM,KDS_MONEY,KDS_OFF_USER_ACTIVE,KDS_OFF_USER_ADD,KDS_OFF_USER_INCOME,KDS_OFF_USER_PAY,KDS_OFF_USER_RETAINED,KDS_USER,KDS_USER_PORTRAIT'), ('367', '92', '2015-11-12 15:30:25', '2015-11-12 15:30:25', '1', '3', 'kds_1', ',21,22,23,24,KDS_AP,KDS_COIN,KDS_DUMMY,KDS_ITEM,KDS_MONEY,KDS_OFF_USER_ACTIVE,KDS_OFF_USER_ADD,KDS_OFF_USER_INCOME,KDS_OFF_USER_PAY,KDS_OFF_USER_RETAINED,KDS_USER,KDS_USER_PORTRAIT');
COMMIT;

SET FOREIGN_KEY_CHECKS = 1;
